Fecha,grupo_edad,total,Total_Hombres,Total_Mujeres,Total_Indeterminado,Cabecera municipal_Hombres,Cabecera municipal_Mujeres,Cabecera municipal_Indeterminado,Centro poblado_Hombres,Centro poblado_Mujeres,Centro poblado_Indeterminado,Rural disperso_Hombres,Rural disperso_Mujeres,Rural disperso_Indeterminado,Sin información_Hombres,Sin información_Mujeres,Sin información_Indeterminado
2008,Menor de 1 hora,792,455,336,1,430,319,1,4,3,0,16,13,0,5,1,0
2008,De 1 a 23 horas,1618,945,672,1,899,646,1,11,11,0,34,14,0,1,1,0
2008,De 1 a 6 días,2371,1388,982,1,1367,963,0,4,7,0,17,11,0,0,1,1
2008,De 7 a 27 días,1826,1025,800,1,993,780,1,10,4,0,20,15,0,2,1,0
2008,De 28 a 29 días,83,48,35,0,48,34,0,0,0,0,0,0,0,0,1,0
2008,De 1 a 5 meses,2701,1499,1202,0,1410,1117,0,22,23,0,64,61,0,3,1,0
2008,De 6 a 11 meses,1169,667,501,1,609,454,0,16,20,0,39,27,1,3,0,0
2008,De 1 año,1017,554,463,0,460,389,0,21,24,0,72,49,0,1,1,0
2008,De 2 a 4 años,1132,634,498,0,534,401,0,20,23,0,78,71,0,2,3,0
2008,De 5 a 9 años,1097,644,453,0,502,380,0,43,16,0,95,54,0,4,3,0
2008,De 10 a 14 años,1321,809,512,0,649,414,0,41,22,0,115,72,0,4,4,0
2008,De 15 a 19 años,4200,3154,1046,0,2374,840,0,150,53,0,592,150,0,38,3,0
2008,De 20 a 24 años,6414,5222,1190,2,3758,985,0,282,44,0,1133,152,2,49,9,0
2008,De 25 a 29 años,6485,5302,1182,1,3848,997,0,302,31,0,1101,151,1,51,3,0
2008,De 30 a 34 años,5822,4523,1298,1,3292,1140,0,249,24,0,936,122,1,46,12,0
2008,De 35 a 39 años,5673,4123,1549,1,3172,1385,0,189,49,0,732,108,1,30,7,0
2008,De 40 a 44 años,6176,4060,2115,1,3236,1937,0,162,48,0,638,124,1,24,6,0
2008,De 45 a 49 años,7177,4476,2699,2,3751,2509,0,154,51,0,551,136,1,20,3,1
2008,De 50 a 54 años,8476,5114,3362,0,4454,3120,0,158,69,0,487,161,0,15,12,0
2008,De 55 a 59 años,9976,5849,4127,0,5146,3841,0,156,85,0,530,189,0,17,12,0
2008,De 60 a 64 años,11660,6703,4957,0,6010,4619,0,171,112,0,502,218,0,20,8,0
2008,De 65 a 69 años,14741,8254,6487,0,7387,6044,0,223,118,0,628,314,0,16,11,0
2008,De 70 a 74 años,18722,10088,8633,1,9041,7997,1,310,185,0,713,437,0,24,14,0
2008,De 75 a 79 años,22389,11776,10613,0,10574,9801,0,336,244,0,843,550,0,23,18,0
2008,De 80 a 84 años,21491,10678,10813,0,9547,9869,0,361,273,0,754,658,0,16,13,0
2008,De 85 a 89 años,17373,7977,9396,0,7093,8571,0,286,251,0,587,559,0,11,15,0
2008,De 90 a 94 años,9553,4007,5546,0,3525,5051,0,145,175,0,320,312,0,17,8,0
2008,De 95 a 99 años,3626,1438,2187,1,1258,1969,0,70,79,0,107,132,1,3,7,0
2008,De 100 años y más,751,235,516,0,209,474,0,10,14,0,15,27,0,1,1,0
2008,Edad desconocida,1111,872,224,15,413,142,4,74,18,0,355,57,7,30,7,4
2009,Menor de 1 hora,783,441,342,0,418,323,0,10,7,0,13,11,0,0,1,0
2009,De 1 a 23 horas,1246,706,540,0,668,517,0,9,8,0,29,14,0,0,1,0
2009,De 1 a 6 días,2158,1274,884,0,1251,868,0,9,3,0,13,12,0,1,1,0
2009,De 7 a 27 días,1767,967,800,0,937,771,0,5,8,0,23,20,0,2,1,0
2009,De 28 a 29 días,67,42,25,0,40,23,0,0,1,0,2,1,0,0,0,0
2009,De 1 a 5 meses,2420,1315,1105,0,1226,1043,0,21,15,0,67,44,0,1,3,0
2009,De 6 a 11 meses,1139,626,513,0,577,469,0,15,9,0,33,33,0,1,2,0
2009,De 1 año,987,516,471,0,423,411,0,24,8,0,69,48,0,0,4,0
2009,De 2 a 4 años,1070,609,461,0,484,382,0,24,17,0,97,61,0,4,1,0
2009,De 5 a 9 años,1102,631,471,0,521,405,0,24,18,0,84,46,0,2,2,0
2009,De 10 a 14 años,1374,851,523,0,680,428,0,39,28,0,125,66,0,7,1,0
2009,De 15 a 19 años,4655,3612,1043,0,2894,858,0,162,32,0,541,147,0,15,6,0
2009,De 20 a 24 años,6883,5625,1258,0,4231,1052,0,248,40,0,1093,157,0,53,9,0
2009,De 25 a 29 años,7372,6081,1291,0,4607,1075,0,286,36,0,1134,168,0,54,12,0
2009,De 30 a 34 años,6198,4838,1360,0,3721,1185,0,239,30,0,838,135,0,40,10,0
2009,De 35 a 39 años,5760,4177,1583,0,3217,1418,0,206,35,0,719,121,0,35,9,0
2009,De 40 a 44 años,6283,4166,2117,0,3351,1940,0,150,42,0,635,128,0,30,7,0
2009,De 45 a 49 años,7420,4626,2794,0,3830,2621,0,138,55,0,622,113,0,36,5,0
2009,De 50 a 54 años,8627,5103,3524,0,4409,3283,0,128,65,0,544,167,0,22,9,0
2009,De 55 a 59 años,10146,6017,4129,0,5327,3871,0,149,76,0,526,174,0,15,8,0
2009,De 60 a 64 años,11630,6774,4856,0,6109,4531,0,157,97,0,495,222,0,13,6,0
2009,De 65 a 69 años,14636,8320,6316,0,7502,5875,0,184,118,0,619,313,0,15,10,0
2009,De 70 a 74 años,18319,9931,8388,0,8941,7796,0,273,173,0,701,412,0,16,7,0
2009,De 75 a 79 años,21549,11360,10189,0,10226,9461,0,289,213,0,824,503,0,21,12,0
2009,De 80 a 84 años,21557,10763,10794,0,9530,9887,0,358,278,0,858,613,0,17,16,0
2009,De 85 a 89 años,16825,7716,9109,0,6894,8306,0,232,239,0,575,554,0,15,10,0
2009,De 90 a 94 años,9683,4049,5634,0,3570,5153,0,150,153,0,320,322,0,9,6,0
2009,De 95 a 99 años,3547,1358,2189,0,1202,1964,0,51,79,0,100,141,0,5,5,0
2009,De 100 años y más,772,240,532,0,210,477,0,14,24,0,15,31,0,1,0,0
2009,Edad desconocida,958,748,208,2,420,129,1,42,10,1,248,62,0,38,7,0
2010,Menor de 1 hora,690,363,326,1,352,312,1,1,1,0,10,12,0,0,1,0
2010,De 1 a 23 horas,1071,583,488,0,563,468,0,5,2,0,14,17,0,1,1,0
2010,De 1 a 6 días,1794,1067,727,0,1046,711,0,7,3,0,12,13,0,2,0,0
2010,De 7 a 27 días,1546,863,682,1,843,659,1,1,10,0,18,12,0,1,1,0
2010,De 28 a 29 días,78,48,30,0,44,28,0,1,0,0,3,2,0,0,0,0
2010,De 1 a 5 meses,2168,1266,902,0,1187,840,0,14,9,0,63,51,0,2,2,0
2010,De 6 a 11 meses,1008,555,452,1,502,409,1,9,13,0,43,30,0,1,0,0
2010,De 1 año,882,474,408,0,392,338,0,16,16,0,63,49,0,3,5,0
2010,De 2 a 4 años,1031,553,478,0,454,381,0,22,17,0,77,80,0,0,0,0
2010,De 5 a 9 años,1074,620,454,0,494,390,0,29,11,0,91,52,0,6,1,0
2010,De 10 a 14 años,1383,814,569,0,655,475,0,30,11,0,127,79,0,2,4,0
2010,De 15 a 19 años,4534,3542,992,0,2828,819,0,126,34,0,564,136,0,24,3,0
2010,De 20 a 24 años,6630,5463,1167,0,4203,993,0,231,31,0,980,139,0,49,4,0
2010,De 25 a 29 años,6836,5622,1214,0,4348,1044,0,223,37,0,1006,129,0,45,4,0
2010,De 30 a 34 años,6095,4760,1334,1,3666,1184,0,194,31,0,869,113,1,31,6,0
2010,De 35 a 39 años,5459,3902,1557,0,3011,1380,0,164,40,0,692,133,0,35,4,0
2010,De 40 a 44 años,6193,4071,2121,1,3293,1937,1,140,39,0,612,139,0,26,6,0
2010,De 45 a 49 años,7212,4456,2756,0,3754,2573,0,142,57,0,538,124,0,22,2,0
2010,De 50 a 54 años,8978,5266,3712,0,4530,3480,0,161,58,0,557,172,0,18,2,0
2010,De 55 a 59 años,10367,6097,4270,0,5457,4007,0,126,70,0,493,184,0,21,9,0
2010,De 60 a 64 años,12467,7228,5239,0,6527,4919,0,156,93,0,530,220,0,15,7,0
2010,De 65 a 69 años,14585,8267,6318,0,7471,5923,0,198,104,0,583,283,0,15,8,0
2010,De 70 a 74 años,18752,10358,8394,0,9344,7788,0,252,191,0,738,396,0,24,19,0
2010,De 75 a 79 años,21964,11351,10613,0,10231,9846,0,303,208,0,795,539,0,22,20,0
2010,De 80 a 84 años,23261,11454,11807,0,10284,10890,0,302,250,0,838,651,0,30,16,0
2010,De 85 a 89 años,18001,8186,9815,0,7308,9027,0,267,224,0,591,540,0,20,24,0
2010,De 90 a 94 años,10742,4545,6197,0,4034,5625,0,151,176,0,352,387,0,8,9,0
2010,De 95 a 99 años,3967,1549,2418,0,1371,2146,0,64,101,0,105,169,0,9,2,0
2010,De 100 años y más,844,257,587,0,223,532,0,11,14,0,23,40,0,0,1,0
2010,Edad desconocida,912,684,223,5,391,173,2,51,5,0,225,39,2,17,6,1
2011,Menor de 1 hora,555,310,245,0,288,230,0,6,3,0,16,12,0,0,0,0
2011,De 1 a 23 horas,1159,650,507,2,623,487,2,5,3,0,22,17,0,0,0,0
2011,De 1 a 6 días,1820,1067,753,0,1043,740,0,4,4,0,20,9,0,0,0,0
2011,De 7 a 27 días,1712,919,792,1,891,776,1,4,2,0,24,14,0,0,0,0
2011,De 28 a 29 días,85,43,42,0,41,40,0,0,0,0,2,2,0,0,0,0
2011,De 1 a 5 meses,2027,1140,887,0,1068,828,0,13,13,0,57,46,0,2,0,0
2011,De 6 a 11 meses,794,428,366,0,386,330,0,10,9,0,32,27,0,0,0,0
2011,De 1 año,782,431,351,0,376,300,0,13,13,0,42,38,0,0,0,0
2011,De 2 a 4 años,919,490,429,0,423,378,0,11,13,0,55,38,0,1,0,0
2011,De 5 a 9 años,955,577,378,0,456,308,0,24,15,0,96,53,0,1,2,0
2011,De 10 a 14 años,1301,771,530,0,630,435,0,24,19,0,116,73,0,1,3,0
2011,De 15 a 19 años,4340,3382,958,0,2737,783,0,115,29,0,515,145,0,15,1,0
2011,De 20 a 24 años,6038,5009,1029,0,3965,879,0,171,21,0,855,127,0,18,2,0
2011,De 25 a 29 años,6260,4973,1287,0,3859,1122,0,183,28,0,910,136,0,21,1,0
2011,De 30 a 34 años,5722,4398,1324,0,3478,1179,0,153,29,0,757,116,0,10,0,0
2011,De 35 a 39 años,5398,3865,1530,3,3002,1375,3,174,27,0,684,128,0,5,0,0
2011,De 40 a 44 años,5789,3857,1931,1,3158,1768,1,116,49,0,574,113,0,9,1,0
2011,De 45 a 49 años,7133,4400,2732,1,3729,2541,1,112,48,0,554,143,0,5,0,0
2011,De 50 a 54 años,8716,5136,3580,0,4542,3363,0,109,62,0,479,153,0,6,2,0
2011,De 55 a 59 años,10228,6046,4182,0,5397,3941,0,135,59,0,511,180,0,3,2,0
2011,De 60 a 64 años,12282,7176,5106,0,6537,4817,0,153,70,0,481,217,0,5,2,0
2011,De 65 a 69 años,14152,8095,6056,1,7322,5703,1,184,104,0,586,245,0,3,4,0
2011,De 70 a 74 años,18091,10000,8091,0,9120,7624,0,216,146,0,658,319,0,6,2,0
2011,De 75 a 79 años,21424,11143,10281,0,10093,9578,0,251,205,0,798,497,0,1,1,0
2011,De 80 a 84 años,23688,11866,11822,0,10673,10925,0,304,235,0,881,658,0,8,4,0
2011,De 85 a 89 años,18203,8372,9831,0,7554,9032,0,230,203,0,586,593,0,2,3,0
2011,De 90 a 94 años,10985,4612,6373,0,4114,5774,0,147,160,0,349,438,0,2,1,0
2011,De 95 a 99 años,3956,1452,2503,1,1282,2308,1,60,71,0,109,124,0,1,0,0
2011,De 100 años y más,896,275,621,0,249,565,0,11,18,0,15,37,0,0,1,0
2011,Edad desconocida,413,325,73,15,209,46,4,10,3,1,99,22,9,7,2,1
2012,Menor de 1 hora,470,268,198,4,256,181,4,3,9,0,9,7,0,0,1,0
2012,De 1 a 23 horas,996,577,417,2,556,406,2,10,2,0,11,9,0,0,0,0
2012,De 1 a 6 días,2010,1159,850,1,1136,839,1,4,2,0,19,9,0,0,0,0
2012,De 7 a 27 días,1751,971,777,3,947,759,3,6,2,0,17,15,0,1,1,0
2012,De 28 a 29 días,78,41,37,0,40,32,0,0,1,0,1,4,0,0,0,0
2012,De 1 a 5 meses,2088,1144,944,0,1084,885,0,11,20,0,48,39,0,1,0,0
2012,De 6 a 11 meses,827,448,379,0,408,349,0,9,5,0,30,24,0,1,1,0
2012,De 1 año,736,400,335,1,348,291,1,13,9,0,39,35,0,0,0,0
2012,De 2 a 4 años,867,476,391,0,385,341,0,29,10,0,60,40,0,2,0,0
2012,De 5 a 9 años,905,515,390,0,414,337,0,24,9,0,73,44,0,4,0,0
2012,De 10 a 14 años,1221,690,530,1,550,458,1,25,11,0,115,61,0,0,0,0
2012,De 15 a 19 años,4327,3412,912,3,2707,768,1,141,21,0,557,121,2,7,2,0
2012,De 20 a 24 años,6066,4989,1075,2,3826,905,2,211,32,0,942,137,0,10,1,0
2012,De 25 a 29 años,5983,4786,1197,0,3696,1034,0,194,20,0,877,138,0,19,5,0
2012,De 30 a 34 años,5567,4230,1333,4,3304,1201,3,147,24,1,761,107,0,18,1,0
2012,De 35 a 39 años,5116,3558,1556,2,2849,1411,1,148,40,0,555,105,1,6,0,0
2012,De 40 a 44 años,5691,3739,1952,0,3029,1799,0,126,38,0,573,114,0,11,1,0
2012,De 45 a 49 años,6833,4189,2643,1,3554,2463,0,117,58,0,512,121,1,6,1,0
2012,De 50 a 54 años,8513,5057,3455,1,4390,3260,0,148,54,0,515,141,1,4,0,0
2012,De 55 a 59 años,10978,6498,4480,0,5845,4264,0,156,59,0,493,155,0,4,2,0
2012,De 60 a 64 años,12713,7405,5305,3,6727,5019,1,158,88,0,515,196,2,5,2,0
2012,De 65 a 69 años,14487,8301,6186,0,7564,5837,0,202,98,0,532,250,0,3,1,0
2012,De 70 a 74 años,18881,10525,8356,0,9565,7831,0,245,173,0,714,349,0,1,3,0
2012,De 75 a 79 años,22220,11658,10561,1,10615,9816,1,285,236,0,756,508,0,2,1,0
2012,De 80 a 84 años,24021,12139,11882,0,10990,11036,0,310,242,0,836,602,0,3,2,0
2012,De 85 a 89 años,19318,8763,10555,0,7922,9755,0,264,261,0,575,535,0,2,4,0
2012,De 90 a 94 años,11467,4791,6676,0,4309,6086,0,149,168,0,331,419,0,2,3,0
2012,De 95 a 99 años,4271,1649,2622,0,1461,2389,0,62,85,0,125,147,0,1,1,0
2012,De 100 años y más,935,336,599,0,299,546,0,13,14,0,24,39,0,0,0,0
2012,Edad desconocida,420,341,61,18,193,29,5,12,1,0,126,28,11,10,3,2
2013,Menor de 1 hora,447,274,173,0,266,159,0,2,5,0,6,9,0,0,0,0
2013,De 1 a 23 horas,1078,607,471,0,580,454,0,7,4,0,19,13,0,1,0,0
2013,De 1 a 6 días,1757,1015,742,0,1000,726,0,3,2,0,12,14,0,0,0,0
2013,De 7 a 27 días,1472,837,635,0,822,624,0,2,1,0,13,10,0,0,0,0
2013,De 28 a 29 días,75,44,31,0,42,30,0,1,0,0,1,1,0,0,0,0
2013,De 1 a 5 meses,1912,1091,821,0,1021,767,0,19,14,0,50,40,0,1,0,0
2013,De 6 a 11 meses,877,467,410,0,423,377,0,14,9,0,30,24,0,0,0,0
2013,De 1 año,785,431,353,1,370,305,1,13,12,0,48,36,0,0,0,0
2013,De 2 a 4 años,898,477,421,0,412,364,0,16,10,0,47,47,0,2,0,0
2013,De 5 a 9 años,974,558,416,0,447,358,0,31,11,0,79,46,0,1,1,0
2013,De 10 a 14 años,1168,693,475,0,568,411,0,18,20,0,105,44,0,2,0,0
2013,De 15 a 19 años,4232,3304,928,0,2689,781,0,121,31,0,487,116,0,7,0,0
2013,De 20 a 24 años,5917,4883,1034,0,3836,864,0,194,29,0,843,138,0,10,3,0
2013,De 25 a 29 años,5735,4576,1159,0,3591,1021,0,178,21,0,798,116,0,9,1,0
2013,De 30 a 34 años,5506,4156,1348,2,3325,1217,0,139,27,0,676,104,2,16,0,0
2013,De 35 a 39 años,4929,3458,1471,0,2700,1349,0,120,30,0,632,91,0,6,1,0
2013,De 40 a 44 años,5570,3635,1935,0,2966,1778,0,119,41,0,545,116,0,5,0,0
2013,De 45 a 49 años,6770,4146,2623,1,3538,2457,0,98,44,0,507,121,1,3,1,0
2013,De 50 a 54 años,8813,5203,3609,1,4604,3395,1,123,62,0,470,151,0,6,1,0
2013,De 55 a 59 años,11095,6561,4534,0,5875,4322,0,154,69,0,531,142,0,1,1,0
2013,De 60 a 64 años,13087,7597,5490,0,6969,5211,0,140,91,0,485,188,0,3,0,0
2013,De 65 a 69 años,15016,8645,6371,0,7923,6029,0,183,106,0,533,235,0,6,1,0
2013,De 70 a 74 años,19226,10853,8373,0,9939,7913,0,254,135,0,657,325,0,3,0,0
2013,De 75 a 79 años,22718,12089,10629,0,11060,9968,0,264,195,0,762,466,0,3,0,0
2013,De 80 a 84 años,24485,12169,12316,0,11079,11417,0,328,254,0,761,642,0,1,3,0
2013,De 85 a 89 años,20466,9519,10947,0,8626,10150,0,280,260,0,612,536,0,1,1,0
2013,De 90 a 94 años,12047,5026,7021,0,4536,6528,0,137,152,0,352,339,0,1,2,0
2013,De 95 a 99 años,4578,1724,2854,0,1530,2617,0,61,92,0,133,145,0,0,0,0
2013,De 100 años y más,1118,388,730,0,342,665,0,20,20,0,26,45,0,0,0,0
2013,Edad desconocida,320,277,35,8,158,15,3,14,5,0,100,15,5,5,0,0
2014,Menor de 1 hora,424,238,186,0,230,183,0,0,0,0,8,3,0,0,0,0
2014,De 1 a 23 horas,1141,633,508,0,609,488,0,4,7,0,19,12,0,1,1,0
2014,De 1 a 6 días,1725,1023,702,0,1001,689,0,4,5,0,18,7,0,0,1,0
2014,De 7 a 27 días,1516,868,648,0,850,631,0,3,3,0,15,13,0,0,1,0
2014,De 28 a 29 días,85,47,38,0,46,35,0,0,0,0,1,3,0,0,0,0
2014,De 1 a 5 meses,1936,1076,860,0,1010,807,0,9,9,0,57,43,0,0,1,0
2014,De 6 a 11 meses,762,399,363,0,365,343,0,10,1,0,24,19,0,0,0,0
2014,De 1 año,761,419,342,0,358,295,0,13,10,0,47,37,0,1,0,0
2014,De 2 a 4 años,799,457,342,0,380,300,0,18,7,0,59,35,0,0,0,0
2014,De 5 a 9 años,861,494,367,0,415,319,0,17,10,0,62,37,0,0,1,0
2014,De 10 a 14 años,1222,750,472,0,618,390,0,28,23,0,102,59,0,2,0,0
2014,De 15 a 19 años,4088,3162,926,0,2575,777,0,104,30,0,475,117,0,8,2,0
2014,De 20 a 24 años,5601,4614,986,1,3673,841,0,158,31,0,763,111,0,20,3,1
2014,De 25 a 29 años,5231,4130,1101,0,3215,957,0,133,41,0,768,103,0,14,0,0
2014,De 30 a 34 años,5257,3888,1368,1,3040,1244,0,156,18,0,680,106,1,12,0,0
2014,De 35 a 39 años,4854,3320,1533,1,2619,1385,0,114,40,0,574,105,1,13,3,0
2014,De 40 a 44 años,5282,3375,1906,1,2744,1770,0,106,35,0,516,99,1,9,2,0
2014,De 45 a 49 años,6754,3965,2789,0,3355,2626,0,108,51,0,497,111,0,5,1,0
2014,De 50 a 54 años,8799,5080,3719,0,4458,3516,0,140,49,0,474,151,0,8,3,0
2014,De 55 a 59 años,11321,6615,4706,0,5935,4451,0,144,70,0,533,185,0,3,0,0
2014,De 60 a 64 años,13576,7877,5699,0,7152,5393,0,150,81,0,575,224,0,0,1,0
2014,De 65 a 69 años,15755,8939,6816,0,8191,6445,0,167,102,0,580,269,0,1,0,0
2014,De 70 a 74 años,19543,10804,8739,0,9904,8222,0,234,150,0,663,367,0,3,0,0
2014,De 75 a 79 años,23954,12703,11251,0,11641,10548,0,279,225,0,782,477,0,1,1,0
2014,De 80 a 84 años,26066,12872,13194,0,11695,12290,0,345,278,0,831,624,0,1,2,0
2014,De 85 a 89 años,22386,10339,12047,0,9429,11160,0,322,281,0,588,605,0,0,1,0
2014,De 90 a 94 años,13499,5625,7874,0,5071,7220,0,203,207,0,350,447,0,1,0,0
2014,De 95 a 99 años,5332,2032,3300,0,1837,3071,0,70,62,0,125,167,0,0,0,0
2014,De 100 años y más,1240,425,815,0,384,732,0,10,30,0,31,53,0,0,0,0
2014,Edad desconocida,281,211,51,19,124,26,5,10,4,0,73,19,13,4,2,1
2015,Menor 1 hora,386,235,149,2,226,144,2,2,1,0,6,4,0,1,0,0
2015,De 1 a 23 horas,1097,633,464,0,606,446,0,12,7,0,15,11,0,0,0,0
2015,De 1 a 6 días,1719,1005,714,0,992,702,0,3,2,0,10,9,0,0,1,0
2015,De 7 a 27 dias,1400,809,591,0,789,578,0,8,2,0,12,11,0,0,0,0
2015,De 28 a 29 días,72,49,23,0,46,22,0,1,1,0,2,0,0,0,0,0
2015,De 1 a 5 meses,1846,1026,819,1,972,772,1,14,12,0,40,35,0,0,0,0
2015,De 6 a 11 meses,724,389,335,0,370,318,0,5,6,0,14,11,0,0,0,0
2015,De 1 año,685,355,330,0,306,278,0,10,9,0,39,42,0,0,1,0
2015,De 2 a 4 años,817,442,375,0,371,319,0,16,11,0,55,45,0,0,0,0
2015,De 5 a 9 años,903,546,356,1,462,303,0,15,7,0,67,46,1,2,0,0
2015,De 10 a 14 años,1156,680,476,0,539,407,0,29,9,0,110,60,0,2,0,0
2015,De 15 a 19 años,3945,3066,879,0,2453,733,0,122,24,0,475,122,0,16,0,0
2015,De 20 a 24 años,5756,4655,1099,2,3680,936,2,154,29,0,810,132,0,11,2,0
2015,De 25 a 29 años,5273,4143,1129,1,3261,984,0,170,21,0,697,122,1,15,2,0
2015,De 30 a 34 años,5233,3909,1321,3,3129,1192,0,110,28,0,660,101,2,10,0,1
2015,De 35 a 39 años,5188,3557,1630,1,2812,1481,0,123,30,0,613,117,0,9,2,1
2015,De 40 a 44 años,5363,3376,1985,2,2753,1832,0,116,38,0,503,114,2,4,1,0
2015,De 45 a 49 años,6747,4030,2715,2,3408,2549,0,119,42,0,495,122,2,8,2,0
2015,De 50 a 54 años,9260,5469,3791,0,4821,3584,0,135,53,0,509,154,0,4,0,0
2015,De 55 a 59 años,11514,6655,4859,0,5991,4603,0,140,67,0,516,189,0,8,0,0
2015,De 60 a 64 años,14233,8224,6009,0,7555,5690,0,144,107,0,522,211,0,3,1,0
2015,De 65 a 69 años,16913,9715,7198,0,8885,6799,0,228,118,0,598,281,0,4,0,0
2015,De 70 a 74 años,19987,11210,8777,0,10303,8282,0,248,150,0,656,345,0,3,0,0
2015,De 75 a 79 años,25095,13307,11788,0,12158,11079,0,329,223,0,818,486,0,2,0,0
2015,De 80 a 84 años,27154,13432,13722,0,12312,12837,0,346,303,0,772,581,0,2,1,0
2015,De 85 a 89 años,24907,11578,13329,0,10584,12427,0,307,293,0,686,609,0,1,0,0
2015,De 90 a 94 años,14727,6115,8612,0,5525,7945,0,206,223,0,384,444,0,0,0,0
2015,De 95 a 99 años,5749,2119,3630,0,1929,3378,0,75,79,0,114,172,0,1,1,0
2015,De 100 años y más,1361,457,904,0,413,818,0,18,26,0,26,60,0,0,0,0
2015,Edad desconocida,262,209,28,25,146,22,14,7,1,0,46,5,11,10,0,0
2016,Menor 1 hora,372,214,158,0,205,154,0,3,3,0,5,1,0,1,0,0
2016,De 1 a 23 horas,1046,573,473,0,561,461,0,6,4,0,5,8,0,1,0,0
2016,De 1 a 6 días,1655,971,682,2,961,670,2,3,2,0,7,10,0,0,0,0
2016,De 7 a 27 dias,1439,817,622,0,806,616,0,3,1,0,8,5,0,0,0,0
2016,De 28 a 29 días,57,37,20,0,36,19,0,0,0,0,1,1,0,0,0,0
2016,De 1 a 5 meses,1851,1022,829,0,972,786,0,4,10,0,44,31,0,2,2,0
2016,De 6 a 11 meses,800,440,360,0,406,328,0,10,9,0,24,22,0,0,1,0
2016,De 1 año,802,414,388,0,363,336,0,10,12,0,40,39,0,1,1,0
2016,De 2 a 4 años,823,455,368,0,383,318,0,18,9,0,54,41,0,0,0,0
2016,De 5 a 9 años,874,480,394,0,397,339,0,21,10,0,60,44,0,2,1,0
2016,De 10 a 14 años,1079,607,472,0,483,395,0,14,24,0,110,53,0,0,0,0
2016,De 15 a 19 años,3830,2901,929,0,2328,787,0,112,33,0,443,108,0,18,1,0
2016,De 20 a 24 años,5554,4520,1031,3,3575,905,2,172,27,0,742,98,1,31,1,0
2016,De 25 a 29 años,5393,4232,1160,1,3416,1045,0,151,22,0,642,89,1,23,4,0
2016,De 30 a 34 años,5331,3978,1352,1,3168,1223,1,131,31,0,658,95,0,21,3,0
2016,De 35 a 39 años,5199,3583,1614,2,2874,1488,2,137,38,0,554,87,0,18,1,0
2016,De 40 a 44 años,5443,3471,1969,3,2833,1830,0,124,32,0,509,107,3,5,0,0
2016,De 45 a 49 años,6951,4112,2838,1,3505,2663,1,106,48,0,490,124,0,11,3,0
2016,De 50 a 54 años,9274,5335,3938,1,4691,3761,0,126,49,0,513,126,1,5,2,0
2016,De 55 a 59 años,12253,7225,5028,0,6529,4749,0,160,77,0,530,200,0,6,2,0
2016,De 60 a 64 años,15109,8770,6338,1,8071,6022,0,159,91,0,533,222,1,7,3,0
2016,De 65 a 69 años,17532,10157,7375,0,9329,6999,0,194,106,0,630,270,0,4,0,0
2016,De 70 a 74 años,20343,11522,8821,0,10607,8326,0,225,130,0,687,363,0,3,2,0
2016,De 75 a 79 años,24981,13517,11464,0,12344,10861,0,319,165,0,851,438,0,3,0,0
2016,De 80 a 84 años,27212,13479,13733,0,12406,12842,0,298,251,0,773,640,0,2,0,0
2016,De 85 a 89 años,25415,11826,13589,0,10822,12652,0,293,302,0,711,635,0,0,0,0
2016,De 90 a 94 años,14902,6222,8680,0,5644,8085,0,187,182,0,390,413,0,1,0,0
2016,De 95 a 99 años,5947,2263,3684,0,2041,3378,0,71,97,0,151,209,0,0,0,0
2016,De 100 años y más,1397,484,913,0,434,829,0,12,29,0,38,55,0,0,0,0
2016,Edad desconocida,214,179,20,15,113,12,3,7,2,0,58,5,12,1,1,0
2017,Menor 1 hora,319,189,128,2,179,123,2,3,1,0,7,4,0,0,0,0
2017,De 1 a 23 horas,1066,611,452,3,596,445,3,2,0,0,13,7,0,0,0,0
2017,De 1 a 6 días,1728,1048,678,2,1023,668,0,5,1,0,20,9,2,0,0,0
2017,De 7 a 27 dias,1415,784,631,0,769,619,0,4,1,0,11,11,0,0,0,0
2017,De 28 a 29 días,48,30,18,0,26,18,0,1,0,0,3,0,0,0,0,0
2017,De 1 a 5 meses,1769,936,832,1,878,778,1,11,12,0,47,42,0,0,0,0
2017,De 6 a 11 meses,699,388,311,0,343,285,0,12,6,0,33,20,0,0,0,0
2017,De 1 año,702,403,299,0,342,253,0,12,3,0,49,43,0,0,0,0
2017,De 2 a 4 años,802,468,334,0,388,276,0,11,11,0,69,47,0,0,0,0
2017,De 5 a 9 años,866,506,359,1,416,300,1,27,11,0,63,48,0,0,0,0
2017,De 10 a 14 años,1103,638,465,0,501,369,0,20,9,0,117,87,0,0,0,0
2017,De 15 a 19 años,3765,2921,842,2,2134,653,2,116,23,0,671,166,0,0,0,0
2017,De 20 a 24 años,5653,4573,1079,1,3406,911,0,165,28,0,1000,140,1,2,0,0
2017,De 25 a 29 años,5548,4339,1208,1,3252,1017,1,200,27,0,884,164,0,3,0,0
2017,De 30 a 34 años,5223,3873,1349,1,2896,1191,0,140,27,0,837,130,1,0,1,0
2017,De 35 a 39 años,5231,3541,1688,2,2671,1504,0,121,30,0,749,154,2,0,0,0
2017,De 40 a 44 años,5308,3334,1968,6,2599,1814,4,99,31,0,636,123,2,0,0,0
2017,De 45 a 49 años,6804,4064,2739,1,3328,2534,1,132,37,0,604,168,0,0,0,0
2017,De 50 a 54 años,9208,5408,3793,7,4620,3559,1,131,56,2,657,178,4,0,0,0
2017,De 55 a 59 años,12042,6975,5067,0,6149,4811,0,150,62,0,676,194,0,0,0,0
2017,De 60 a 64 años,15253,8835,6415,3,7970,6097,0,189,94,0,675,224,3,1,0,0
2017,De 65 a 69 años,17891,10293,7597,1,9404,7203,0,208,113,0,681,281,1,0,0,0
2017,De 70 a 74 años,20565,11565,8996,4,10563,8466,1,229,141,0,773,389,3,0,0,0
2017,De 75 a 79 años,25714,13869,11844,1,12637,11126,0,321,205,0,911,513,1,0,0,0
2017,De 80 a 84 años,28107,13964,14142,1,12788,13251,0,312,265,0,864,626,1,0,0,0
2017,De 85 a 89 años,26293,12066,14227,0,10988,13239,0,289,287,0,789,700,0,0,1,0
2017,De 90 a 94 años,16378,6852,9526,0,6230,8797,0,185,221,0,437,508,0,0,0,0
2017,De 95 a 99 años,6551,2421,4127,3,2184,3785,3,71,100,0,166,242,0,0,0,0
2017,De 100 años y más,1547,541,1000,6,491,927,5,19,29,0,31,44,1,0,0,0
2017,Edad desconocida,26,15,5,6,6,1,2,0,0,0,9,4,4,0,0,0
2018,Menor 1 hora,357,205,150,2,196,144,2,1,0,0,8,6,0,0,0,0
2018,De 1 a 23 horas,997,582,414,1,569,406,1,5,2,0,8,6,0,0,0,0
2018,De 1 a 6 días,1728,1019,708,1,1001,699,1,4,5,0,14,4,0,0,0,0
2018,De 7 a 27 dias,1417,774,642,1,758,627,1,0,3,0,15,12,0,1,0,0
2018,De 28 a 29 días,54,31,23,0,29,21,0,1,1,0,1,1,0,0,0,0
2018,De 1 a 5 meses,1898,1020,877,1,938,813,1,9,13,0,67,49,0,6,2,0
2018,De 6 a 11 meses,878,461,417,0,403,379,0,12,11,0,40,25,0,6,2,0
2018,De 1 año,779,399,380,0,334,330,0,15,10,0,46,39,0,4,1,0
2018,De 2 a 4 años,825,465,360,0,380,306,0,19,6,0,65,46,0,1,2,0
2018,De 5 a 9 años,834,439,393,2,364,332,2,24,11,0,50,48,0,1,2,0
2018,De 10 a 14 años,1121,614,507,0,480,416,0,21,15,0,111,75,0,2,1,0
2018,De 15 a 19 años,3681,2831,844,6,2024,675,1,125,32,0,655,132,1,27,5,4
2018,De 20 a 24 años,5875,4726,1147,2,3418,955,0,243,33,1,1025,155,1,40,4,0
2018,De 25 a 29 años,5806,4535,1270,1,3263,1084,0,200,30,0,1025,152,1,47,4,0
2018,De 30 a 34 años,5498,4087,1406,5,3013,1239,0,180,26,0,849,138,5,45,3,0
2018,De 35 a 39 años,5795,4020,1774,1,3032,1591,1,163,33,0,801,147,0,24,3,0
2018,De 40 a 44 años,5500,3521,1976,3,2700,1798,2,146,31,0,652,145,1,23,2,0
2018,De 45 a 49 años,7099,4203,2894,2,3419,2681,2,140,64,0,620,143,0,24,6,0
2018,De 50 a 54 años,9565,5612,3947,6,4759,3707,3,164,67,0,665,167,2,24,6,1
2018,De 55 a 59 años,12812,7374,5436,2,6526,5143,1,166,72,1,645,214,0,37,7,0
2018,De 60 a 64 años,16136,9339,6794,3,8357,6449,1,205,101,0,744,239,1,33,5,1
2018,De 65 a 69 años,18901,10925,7975,1,9996,7540,1,196,114,0,711,320,0,22,1,0
2018,De 70 a 74 años,21627,12193,9430,4,11192,8885,3,229,151,0,756,389,1,16,5,0
2018,De 75 a 79 años,25925,14216,11707,2,13031,10963,2,333,215,0,835,527,0,17,2,0
2018,De 80 a 84 años,28840,14375,14464,1,13053,13507,1,386,274,0,923,675,0,13,8,0
2018,De 85 a 89 años,27298,12614,14684,0,11446,13646,0,337,325,0,825,711,0,6,2,0
2018,De 90 a 94 años,17088,7116,9970,2,6403,9224,1,249,228,1,462,516,0,2,2,0
2018,De 95 a 99 años,6905,2543,4357,5,2272,4028,1,89,102,0,182,227,4,0,0,0
2018,De 100 años y más,1681,537,1128,16,489,1029,8,18,46,2,30,53,4,0,0,2
2018,Edad desconocida,12,0,1,11,0,0,2,0,0,0,0,0,7,0,1,2
2019,Menor 1 hora,313,182,131,0,176,128,0,2,1,0,4,2,0,0,0,0
2019,De 1 a 23 horas,971,556,415,0,546,412,0,3,0,0,7,3,0,0,0,0
2019,De 1 a 6 días,1743,1041,702,0,1027,691,0,4,5,0,9,6,0,1,0,0
2019,De 7 a 27 dias,1425,784,640,1,768,620,1,3,3,0,13,16,0,0,1,0
2019,De 28 a 29 días,68,35,33,0,33,32,0,0,0,0,2,1,0,0,0,0
2019,De 1 a 5 meses,1847,1048,798,1,978,749,1,15,15,0,51,31,0,4,3,0
2019,De 6 a 11 meses,924,504,420,0,459,375,0,14,11,0,30,31,0,1,3,0
2019,De 1 año,747,403,344,0,337,295,0,15,7,0,51,40,0,0,2,0
2019,De 2 a 4 años,771,406,364,1,340,304,1,15,16,0,49,41,0,2,3,0
2019,De 5 a 9 años,854,484,369,1,387,304,0,18,16,0,77,48,1,2,1,0
2019,De 10 a 14 años,1139,664,474,1,507,393,1,29,23,0,121,55,0,7,3,0
2019,De 15 a 19 años,3795,2879,914,2,2017,724,0,137,30,0,683,153,0,42,7,2
2019,De 20 a 24 años,5911,4758,1151,2,3387,974,0,239,30,0,1057,134,1,75,13,1
2019,De 25 a 29 años,5929,4637,1292,0,3339,1117,0,252,32,0,981,136,0,65,7,0
2019,De 30 a 34 años,5641,4173,1460,8,3090,1279,2,185,25,1,842,151,4,56,5,1
2019,De 35 a 39 años,5675,3900,1773,2,2913,1575,1,183,39,0,777,152,1,27,7,0
2019,De 40 a 44 años,5960,3744,2213,3,2853,2033,3,167,51,0,695,122,0,29,7,0
2019,De 45 a 49 años,6930,4091,2838,1,3284,2640,0,121,43,0,658,151,1,28,4,0
2019,De 50 a 54 años,9463,5571,3881,11,4772,3638,3,166,62,1,610,173,5,23,8,2
2019,De 55 a 59 años,12712,7364,5348,0,6477,5037,0,196,99,0,663,205,0,28,7,0
2019,De 60 a 64 años,16553,9645,6902,6,8671,6544,2,201,91,0,743,264,0,30,3,4
2019,De 65 a 69 años,19793,11442,8349,2,10465,7940,2,236,111,0,718,296,0,23,2,0
2019,De 70 a 74 años,22632,12870,9754,8,11814,9210,3,263,168,0,776,368,2,17,8,3
2019,De 75 a 79 años,26404,14380,12023,1,13142,11308,0,349,209,0,881,503,1,8,3,0
2019,De 80 a 84 años,30071,15156,14903,12,13796,14015,5,400,278,1,946,602,4,14,8,2
2019,De 85 a 89 años,27955,12739,15216,0,11635,14154,0,344,326,0,747,733,0,13,3,0
2019,De 90 a 94 años,18743,7752,10986,5,7044,10149,3,248,270,0,454,565,1,6,2,1
2019,De 95 a 99 años,7518,2769,4748,1,2517,4379,1,99,134,0,152,235,0,1,0,0
2019,De 100 años y más,1845,590,1246,9,518,1147,2,26,36,0,45,63,3,1,0,4
2019,Edad desconocida,23,6,2,15,3,0,6,0,0,0,2,2,6,1,0,3
2020,Menor 1 hora,249,130,117,2,126,112,2,1,1,0,3,4,0,0,0,0
2020,De 1 a 23 horas,987,554,433,0,539,424,0,3,0,0,12,9,0,0,0,0
2020,De 1 a 6 días,1635,978,657,0,969,649,0,3,2,0,6,5,0,0,1,0
2020,De 7 a 27 dias,1325,741,584,0,735,578,0,0,1,0,6,5,0,0,0,0
2020,De 28 a 29 días,50,23,27,0,21,27,0,1,0,0,1,0,0,0,0,0
2020,De 1 a 5 meses,1545,855,690,0,805,653,0,21,14,0,28,23,0,1,0,0
2020,De 6 a 11 meses,577,309,266,2,282,244,2,4,5,0,23,16,0,0,1,0
2020,De 1 año,606,351,255,0,288,223,0,18,7,0,44,25,0,1,0,0
2020,De 2 a 4 años,650,371,277,2,310,236,0,12,11,0,49,28,0,0,2,2
2020,De 5 a 9 años,747,428,318,1,356,278,0,15,7,0,54,32,1,3,1,0
2020,De 10 a 14 años,1114,686,428,0,550,352,0,17,14,0,116,61,0,3,1,0
2020,De 15 a 19 años,3435,2573,857,5,1883,700,2,108,31,0,561,119,1,21,7,2
2020,De 20 a 24 años,5761,4596,1163,2,3408,983,0,205,28,0,940,146,0,43,6,2
2020,De 25 a 29 años,6175,4781,1392,2,3648,1228,0,195,30,0,898,133,2,40,1,0
2020,De 30 a 34 años,5987,4417,1569,1,3456,1431,0,173,34,0,756,100,1,32,4,0
2020,De 35 a 39 años,6570,4436,2133,1,3532,1947,0,129,44,0,749,139,1,26,3,0
2020,De 40 a 44 años,7230,4624,2600,6,3910,2410,4,123,43,0,568,143,1,23,4,1
2020,De 45 a 49 años,8700,5299,3400,1,4588,3197,0,122,61,0,579,139,1,10,3,0
2020,De 50 a 54 años,12371,7398,4968,5,6618,4699,2,142,84,1,627,183,2,11,2,0
2020,De 55 a 59 años,17186,10351,6834,1,9512,6484,0,193,113,0,633,236,0,13,1,1
2020,De 60 a 64 años,22845,13769,9068,8,12718,8646,2,252,117,0,793,304,3,6,1,3
2020,De 65 a 69 años,27255,16304,10948,3,15125,10383,2,289,156,0,883,407,1,7,2,0
2020,De 70 a 74 años,30964,18414,12547,3,17030,11849,2,388,218,0,992,478,1,4,2,0
2020,De 75 a 79 años,33469,19221,14246,2,17661,13333,1,425,271,0,1132,641,1,3,1,0
2020,De 80 a 84 años,37659,20104,17550,5,18283,16296,1,562,366,0,1255,885,1,4,3,3
2020,De 85 a 89 años,33109,16038,17070,1,14525,15699,0,465,415,0,1047,955,1,1,1,0
2020,De 90 a 94 años,22202,9693,12507,2,8681,11412,1,346,305,0,666,790,0,0,0,1
2020,De 95 a 99 años,8404,3300,5087,17,2911,4654,2,140,140,0,248,293,3,1,0,12
2020,De 100 años y más,2022,724,1296,2,610,1177,2,50,36,0,64,83,0,0,0,0
2020,Edad desconocida,24,13,1,10,3,0,4,0,0,0,6,0,4,4,1,2
2021,Menor 1 hora,294,165,129,0,159,122,0,2,3,0,4,4,0,0,0,0
2021,De 1 a 23 horas,913,514,399,0,506,395,0,2,1,0,6,3,0,0,0,0
2021,De 1 a 6 días,1679,968,711,0,948,700,0,4,4,0,15,7,0,1,0,0
2021,De 7 a 27 dias,1475,805,670,0,787,656,0,6,3,0,12,11,0,0,0,0
2021,De 28 a 29 días,57,35,22,0,30,21,0,0,1,0,3,0,0,2,0,0
2021,De 1 a 5 meses,1715,942,772,1,890,709,1,21,18,0,31,43,0,0,2,0
2021,De 6 a 11 meses,618,329,289,0,284,262,0,10,7,0,32,20,0,3,0,0
2021,De 1 año,627,354,273,0,288,229,0,12,12,0,54,31,0,0,1,0
2021,De 2 a 4 años,769,435,334,0,353,289,0,18,10,0,63,34,0,1,1,0
2021,De 5 a 9 años,835,484,351,0,387,308,0,22,6,0,74,37,0,1,0,0
2021,De 10 a 14 años,1223,721,501,1,559,413,0,22,15,0,139,72,1,1,1,0
2021,De 15 a 19 años,3699,2789,908,2,2024,748,0,133,34,0,618,125,0,14,1,2
2021,De 20 a 24 años,6690,5356,1331,3,4062,1144,0,235,39,2,1021,145,0,38,3,1
2021,De 25 a 29 años,7509,5855,1651,3,4555,1485,3,229,38,0,1043,127,0,28,1,0
2021,De 30 a 34 años,7633,5568,2062,3,4414,1855,0,214,45,0,905,160,2,35,2,1
2021,De 35 a 39 años,8609,6054,2552,3,5017,2347,0,192,43,1,818,157,1,27,5,1
2021,De 40 a 44 años,10394,6768,3625,1,5836,3386,0,161,54,0,756,183,0,15,2,1
2021,De 45 a 49 años,12096,7640,4455,1,6833,4233,1,150,71,0,643,148,0,14,3,0
2021,De 50 a 54 años,16612,10086,6521,5,9204,6226,1,180,86,0,694,203,4,8,6,0
2021,De 55 a 59 años,23111,13715,9394,2,12757,8989,0,225,116,0,717,288,1,16,1,1
2021,De 60 a 64 años,30076,17618,12451,7,16391,11903,4,296,177,0,921,368,3,10,3,0
2021,De 65 a 69 años,34115,19897,14216,2,18556,13591,1,330,186,0,1003,439,1,8,0,0
2021,De 70 a 74 años,37897,21814,16079,4,20265,15248,2,417,243,0,1127,587,2,5,1,0
2021,De 75 a 79 años,38664,21736,16928,0,19999,15943,0,500,281,0,1234,702,0,3,2,0
2021,De 80 a 84 años,42164,22166,19993,5,20160,18585,4,569,415,0,1433,991,1,4,2,0
2021,De 85 a 89 años,36654,17452,19202,0,15741,17667,0,487,439,0,1222,1096,0,2,0,0
2021,De 90 a 94 años,24954,10624,14327,3,9465,13030,3,330,376,0,828,921,0,1,0,0
2021,De 95 a 99 años,9532,3744,5785,3,3275,5247,0,163,165,0,306,373,1,0,0,2
2021,De 100 años y más,2461,791,1664,6,689,1491,5,39,57,0,63,116,1,0,0,0
2021,Edad desconocida,14,2,1,11,0,0,8,0,0,0,2,0,1,0,1,2
2022,Menor 1 hora,312,173,137,2,167,132,2,0,0,0,6,5,0,0,0,0
2022,De 1 a 23 horas,774,418,355,1,405,348,1,4,0,0,8,7,0,1,0,0
2022,De 1 a 6 días,1679,958,719,2,946,704,2,3,1,0,5,11,0,4,3,0
2022,De 7 a 27 días,1412,772,639,1,758,627,1,4,1,0,8,8,0,2,3,0
2022,De 28 a 29 días,54,36,18,0,34,18,0,0,0,0,2,0,0,0,0,0
2022,De 1 a 5 meses,1706,944,761,1,871,702,0,18,14,0,52,39,1,3,6,0
2022,De 6 a 11 meses,752,434,318,0,388,286,0,9,5,0,33,24,0,4,3,0
2022,De 1 año,721,396,325,0,343,285,0,12,7,0,40,32,0,1,1,0
2022,De 2 a 4 años,950,536,414,0,458,347,0,16,15,0,59,47,0,3,5,0
2022,De 5 a 9 años,836,472,364,0,401,315,0,13,7,0,55,40,0,3,2,0
2022,De 10 a 14 años,1212,713,499,0,584,421,0,14,16,0,106,60,0,9,2,0
2022,De 15 a 19 años,3692,2820,872,0,2137,717,0,110,25,0,540,125,0,33,5,0
2022,De 20 a 24 años,6484,5277,1206,1,4002,1015,1,200,28,0,1035,160,0,40,3,0
2022,De 25 a 29 años,6846,5512,1333,1,4273,1156,1,195,37,0,1009,134,0,35,6,0
2022,De 30 a 34 años,6574,5008,1564,2,3982,1402,0,180,33,0,813,124,2,33,5,0
2022,De 35 a 39 años,6450,4534,1914,2,3565,1736,1,161,24,0,761,141,1,47,13,0
2022,De 40 a 44 años,7132,4634,2495,3,3802,2287,1,151,64,0,651,135,2,30,9,0
2022,De 45 a 49 años,7612,4607,3005,0,3850,2801,0,143,48,0,591,144,0,23,12,0
2022,De 50 a 54 años,9945,5812,4132,1,5075,3881,1,168,52,0,543,190,0,26,9,0
2022,De 55 a 59 años,14064,8232,5832,0,7331,5515,0,198,85,0,672,207,0,31,25,0
2022,De 60 a 64 años,18774,11076,7693,5,10073,7286,2,256,105,0,705,272,3,42,30,0
2022,De 65 a 69 años,23264,13603,9661,0,12464,9119,0,290,147,0,807,373,0,42,22,0
2022,De 70 a 74 años,27553,15942,11609,2,14555,10902,1,375,202,0,960,466,1,52,39,0
2022,De 75 a 79 años,30726,17092,13633,1,15473,12739,1,426,248,0,1117,611,0,76,35,0
2022,De 80 a 84 años,36032,18618,17408,6,16665,16050,5,559,351,0,1299,954,0,95,53,1
2022,De 85 a 89 años,34157,15656,18500,1,13955,16908,0,464,466,0,1139,1059,1,98,67,0
2022,De 90 a 94 años,24742,10343,14397,2,9089,13053,2,355,391,0,831,897,0,68,56,0
2022,De 95 a 99 años,10119,3716,6403,0,3218,5780,0,163,211,0,306,381,0,29,31,0
2022,De 100 años y más,2649,824,1822,3,694,1627,0,36,59,0,85,129,1,9,7,2
2022,Edad desconocida,28,13,2,13,5,1,6,1,0,0,2,0,2,5,1,5
2023,Menor 1 hora,262,151,108,3,144,101,3,3,3,0,4,4,0,0,0,0
2023,De 1 a 23 horas,534,310,223,1,302,217,1,3,1,0,5,5,0,0,0,0
2023,De 1 a 6 días,1452,837,613,2,824,599,1,1,3,0,7,2,1,5,9,0
2023,De 7 a 27 días,1213,672,540,1,655,525,1,2,3,0,12,8,0,3,4,0
2023,De 28 a 29 días,54,33,21,0,31,21,0,0,0,0,2,0,0,0,0,0
2023,De 1 a 5 meses,1436,844,592,0,766,548,0,14,13,0,57,29,0,7,2,0
2023,De 6 a 11 meses,659,380,279,0,335,258,0,9,4,0,28,10,0,8,7,0
2023,De 1 año,664,373,291,0,296,236,0,14,12,0,51,33,0,12,10,0
2023,De 2 a 4 años,782,438,344,0,367,296,0,13,8,0,51,28,0,7,12,0
2023,De 5 a 9 años,813,448,365,0,380,321,0,11,7,0,47,31,0,10,6,0
2023,De 10 a 14 años,1176,660,516,0,554,444,0,17,11,0,82,53,0,7,8,0
2023,De 15 a 19 años,3713,2826,886,1,2131,734,1,107,27,0,555,115,0,33,10,0
2023,De 20 a 24 años,6231,5082,1149,0,3864,970,0,212,30,0,931,130,0,75,19,0
2023,De 25 a 29 años,6694,5426,1268,0,4163,1090,0,247,39,0,943,126,0,73,13,0
2023,De 30 a 34 años,6519,5019,1499,1,3926,1328,1,201,38,0,848,125,0,44,8,0
2023,De 35 a 39 años,6225,4405,1820,0,3495,1631,0,142,42,0,722,129,0,46,18,0
2023,De 40 a 44 años,6968,4492,2475,1,3681,2270,0,135,45,0,634,139,1,42,21,0
2023,De 45 a 49 años,7424,4510,2913,1,3738,2708,1,154,52,0,578,141,0,40,12,0
2023,De 50 a 54 años,9520,5610,3903,7,4810,3669,3,151,57,0,605,154,2,44,23,2
2023,De 55 a 59 años,13198,7617,5581,0,6714,5259,0,181,74,0,665,228,0,57,20,0
2023,De 60 a 64 años,17618,10348,7267,3,9330,6855,2,224,124,0,746,257,0,48,31,1
2023,De 65 a 69 años,21991,12756,9235,0,11580,8716,0,279,154,0,822,333,0,75,32,0
2023,De 70 a 74 años,26138,15068,11066,4,13617,10332,3,349,205,0,993,465,1,109,64,0
2023,De 75 a 79 años,29130,15878,13252,0,14350,12345,0,407,247,0,1016,574,0,105,86,0
2023,De 80 a 84 años,32491,16396,16091,4,14720,14813,3,443,330,0,1072,843,1,161,105,0
2023,De 85 a 89 años,31034,13977,17056,1,12461,15577,1,398,412,0,991,942,0,127,125,0
2023,De 90 a 94 años,22424,8877,13546,1,7845,12309,1,280,346,0,671,774,0,81,117,0
2023,De 95 a 99 años,9400,3277,6123,0,2834,5541,0,116,168,0,284,360,0,43,54,0
2023,De 100 años y más,2400,672,1727,1,587,1538,0,24,55,0,54,112,1,7,22,0
2023,Edad desconocida,248,162,78,8,3,0,5,0,0,0,2,0,3,157,78,0
2024,Menor 1 hora,233,137,91,5,133,90,4,1,1,0,3,0,1,0,0,0
2024,De 1 a 23 horas,512,276,234,2,265,228,2,3,3,0,8,3,0,0,0,0
2024,De 1 a 6 días,1255,763,492,0,742,479,0,3,3,0,6,4,0,12,6,0
2024,De 7 a 27 días,983,549,434,0,535,430,0,2,0,0,4,4,0,8,0,0
2024,De 28 a 29 días,49,25,24,0,23,24,0,1,0,0,1,0,0,0,0,0
2024,De 1 a 5 meses,1182,639,541,2,603,507,2,8,8,0,24,25,0,4,1,0
2024,De 6 a 11 meses,545,285,260,0,252,220,0,7,6,0,26,28,0,0,6,0
2024,De 1 año,542,277,265,0,235,215,0,7,10,0,28,39,0,7,1,0
2024,De 2 a 4 años,700,375,325,0,308,280,0,15,10,0,46,30,0,6,5,0
2024,De 5 a 9 años,726,401,325,0,340,281,0,10,11,0,46,30,0,5,3,0
2024,De 10 a 14 años,1012,594,418,0,467,353,0,29,4,0,90,53,0,8,8,0
2024,De 15 a 19 años,3518,2638,879,1,2037,722,0,91,21,0,489,124,1,21,12,0
2024,De 20 a 24 años,6036,4890,1145,1,3683,987,0,168,34,0,959,117,1,80,7,0
2024,De 25 a 29 años,6649,5379,1269,1,4157,1098,0,207,38,0,954,125,1,61,8,0
2024,De 30 a 34 años,6696,5161,1532,3,4046,1365,1,175,26,0,884,127,0,56,14,2
2024,De 35 a 39 años,6355,4501,1853,1,3558,1680,1,163,44,0,732,123,0,48,6,0
2024,De 40 a 44 años,7013,4455,2557,1,3661,2340,1,126,47,0,626,157,0,42,13,0
2024,De 45 a 49 años,7596,4595,2998,3,3864,2790,1,132,46,1,560,147,1,39,15,0
2024,De 50 a 54 años,9440,5512,3919,9,4756,3658,6,148,83,0,570,162,2,38,16,1
2024,De 55 a 59 años,13166,7674,5492,0,6766,5194,0,188,83,0,680,185,0,40,30,0
2024,De 60 a 64 años,18377,10692,7680,5,9704,7267,1,222,101,0,709,291,4,57,21,0
2024,De 65 a 69 años,23121,13300,9821,0,12148,9286,0,262,142,0,828,358,0,62,35,0
2024,De 70 a 74 años,27135,15441,11688,6,14057,10989,5,342,188,0,962,454,0,80,57,1
2024,De 75 a 79 años,30380,16642,13738,0,15147,12903,0,390,234,0,1023,544,0,82,57,0
2024,De 80 a 84 años,33229,17017,16207,5,15311,15041,4,463,323,0,1148,760,1,95,83,0
2024,De 85 a 89 años,32864,15010,17854,0,13349,16429,0,462,376,0,1067,947,0,132,102,0
2024,De 90 a 94 años,23478,9326,14150,2,8290,12934,2,270,358,0,687,769,0,79,89,0
2024,De 95 a 99 años,10248,3613,6632,3,3171,6044,0,147,192,0,263,367,2,32,29,1
2024,De 100 años y más,2559,745,1813,1,635,1594,0,42,72,0,66,126,0,2,21,1
2024,Edad desconocida,179,106,69,4,0,1,3,0,0,0,3,1,1,103,67,0
2025,Menor 1 hora,214,137,75,2,128,71,2,1,4,0,8,0,0,0,0,0
2025,De 1 a 23 horas,463,252,211,0,244,206,0,3,0,0,5,5,0,0,0,0
2025,De 1 a 6 días,1217,716,501,0,709,492,0,1,2,0,6,6,0,0,1,0
2025,De 7 a 27 días,983,543,440,0,540,438,0,0,0,0,3,1,0,0,1,0
2025,De 28 a 29 días,49,24,25,0,23,24,0,0,0,0,1,1,0,0,0,0
2025,De 1 a 5 meses,1064,576,487,1,540,459,1,8,6,0,25,21,0,3,1,0
2025,De 6 a 11 meses,418,230,188,0,203,168,0,11,6,0,15,14,0,1,0,0
2025,De 1 año,411,216,195,0,171,168,0,5,5,0,39,21,0,1,1,0
2025,De 2 a 4 años,571,315,256,0,258,202,0,9,11,0,48,42,0,0,1,0
2025,De 5 a 9 años,701,380,320,1,328,276,0,11,7,0,41,37,1,0,0,0
2025,De 10 a 14 años,1011,586,425,0,487,357,0,14,5,0,84,62,0,1,1,0
2025,De 15 a 19 años,3624,2726,897,1,2050,719,1,71,28,0,592,146,0,13,4,0
2025,De 20 a 24 años,5933,4846,1087,0,3680,901,0,96,23,0,1041,161,0,29,2,0
2025,De 25 a 29 años,6741,5466,1273,2,4178,1112,0,137,22,1,1109,135,1,42,4,0
2025,De 30 a 34 años,6636,5076,1559,1,3966,1400,1,131,28,0,956,126,0,23,5,0
2025,De 35 a 39 años,6486,4578,1908,0,3602,1745,0,131,30,0,818,132,0,27,1,0
2025,De 40 a 44 años,7140,4635,2502,3,3783,2294,2,96,51,0,736,156,1,20,1,0
2025,De 45 a 49 años,7868,4757,3107,4,4017,2876,1,101,60,0,624,168,3,15,3,0
2025,De 50 a 54 años,9367,5471,3895,1,4763,3681,1,103,51,0,596,160,0,9,3,0
2025,De 55 a 59 años,13330,7809,5521,0,6948,5207,0,147,80,0,702,234,0,12,0,0
2025,De 60 a 64 años,18499,10965,7529,5,9924,7131,2,227,129,0,805,268,2,9,1,1
2025,De 65 a 69 años,24139,14018,10120,1,12795,9629,0,272,140,0,942,350,1,9,1,0
2025,De 70 a 74 años,28626,16575,12051,0,15177,11445,0,364,211,0,1029,394,0,5,1,0
2025,De 75 a 79 años,32145,17814,14331,0,16256,13474,0,395,246,0,1154,610,0,9,1,0
2025,De 80 a 84 años,34081,17634,16439,8,15980,15312,5,465,328,0,1188,799,3,1,0,0
2025,De 85 a 89 años,33606,15556,18050,0,13991,16750,0,504,405,0,1057,895,0,4,0,0
2025,De 90 a 94 años,24328,9810,14517,1,8754,13273,0,306,385,0,750,859,1,0,0,0
2025,De 95 a 99 años,11067,3956,7109,2,3473,6533,1,154,180,0,328,396,1,1,0,0
2025,De 100 años y más,2657,799,1858,0,680,1671,0,50,62,0,69,125,0,0,0,0
2025,Edad desconocida,3,0,2,1,0,1,0,0,0,0,0,1,0,0,0,1
