Fecha,Perspectiva,Sexo,Concepto,Valor
2022,Total nacional,Hombres,Tasa de Trabajo Infantil (TTI),4.6805210643
2023,Total nacional,Hombres,Tasa de Trabajo Infantil (TTI),4.0740353001
2024,Total nacional,Hombres,Tasa de Trabajo Infantil (TTI),3.8211611919
2025,Total nacional,Hombres,Tasa de Trabajo Infantil (TTI),3.9890953216
2022,Total nacional,Hombres,Tasa de Trabajo Infantil Ampliada por Trabajo Doméstico no remunerado (TTIAD),8.4255561313
2023,Total nacional,Hombres,Tasa de Trabajo Infantil Ampliada por Trabajo Doméstico no remunerado (TTIAD),7.4850716379
2024,Total nacional,Hombres,Tasa de Trabajo Infantil Ampliada por Trabajo Doméstico no remunerado (TTIAD),7.081356172
2025,Total nacional,Hombres,Tasa de Trabajo Infantil Ampliada por Trabajo Doméstico no remunerado (TTIAD),7.578013373
2022,Total nacional,Hombres,Tasa de Trabajo Infantil Ampliada por Trabajo Doméstico y de Cuidado no remunerado (TTIADC),9.6927975379
2023,Total nacional,Hombres,Tasa de Trabajo Infantil Ampliada por Trabajo Doméstico y de Cuidado no remunerado (TTIADC),8.963097793
2024,Total nacional,Hombres,Tasa de Trabajo Infantil Ampliada por Trabajo Doméstico y de Cuidado no remunerado (TTIADC),7.9872781997
2025,Total nacional,Hombres,Tasa de Trabajo Infantil Ampliada por Trabajo Doméstico y de Cuidado no remunerado (TTIADC),8.4203839937
2022,Total nacional,Hombres,Hombres de 5 a 17 años,5484.546
2023,Total nacional,Hombres,Hombres de 5 a 17 años,5477.186
2024,Total nacional,Hombres,Hombres de 5 a 17 años,5545.967
2025,Total nacional,Hombres,Hombres de 5 a 17 años,5630.801
2022,Total nacional,Hombres,Hombres de 5 a 17 años que trabajan,256.705
2023,Total nacional,Hombres,Hombres de 5 a 17 años que trabajan,223.142
2024,Total nacional,Hombres,Hombres de 5 a 17 años que trabajan,211.92
2025,Total nacional,Hombres,Hombres de 5 a 17 años que trabajan,224.618
2022,Total nacional,Hombres,Hombres de 5 a 17 años que no trabajan y realizan trabajo doméstico no remunerado en su hogar por 15 horas o más,205.398
2023,Total nacional,Hombres,Hombres de 5 a 17 años que no trabajan y realizan trabajo doméstico no remunerado en su hogar por 15 horas o más,186.829
2024,Total nacional,Hombres,Hombres de 5 a 17 años que no trabajan y realizan trabajo doméstico no remunerado en su hogar por 15 horas o más,180.809
2025,Total nacional,Hombres,Hombres de 5 a 17 años que no trabajan y realizan trabajo doméstico no remunerado en su hogar por 15 horas o más,202.085
2022,Total nacional,Hombres,Hombres de 5 a 17 años que no trabajan y realizan trabajo doméstico y de cuidado no remunerado en su hogar por 15 horas o más,274.901
2023,Total nacional,Hombres,Hombres de 5 a 17 años que no trabajan y realizan trabajo doméstico y de cuidado no remunerado en su hogar por 15 horas o más,267.783
2024,Total nacional,Hombres,Hombres de 5 a 17 años que no trabajan y realizan trabajo doméstico y de cuidado no remunerado en su hogar por 15 horas o más,231.051
2025,Total nacional,Hombres,Hombres de 5 a 17 años que no trabajan y realizan trabajo doméstico y de cuidado no remunerado en su hogar por 15 horas o más,249.517
2022,Total nacional,Mujeres,Tasa de Trabajo Infantil (TTI),2.1480880497
2023,Total nacional,Mujeres,Tasa de Trabajo Infantil (TTI),1.6825067609
2024,Total nacional,Mujeres,Tasa de Trabajo Infantil (TTI),1.8669145724
2025,Total nacional,Mujeres,Tasa de Trabajo Infantil (TTI),1.4558684215
2022,Total nacional,Mujeres,Tasa de Trabajo Infantil Ampliada por Trabajo Doméstico no remunerado (TTIAD),13.693104499
2023,Total nacional,Mujeres,Tasa de Trabajo Infantil Ampliada por Trabajo Doméstico no remunerado (TTIAD),12.673583713
2024,Total nacional,Mujeres,Tasa de Trabajo Infantil Ampliada por Trabajo Doméstico no remunerado (TTIAD),11.682397388
2025,Total nacional,Mujeres,Tasa de Trabajo Infantil Ampliada por Trabajo Doméstico no remunerado (TTIAD),11.334978404
2022,Total nacional,Mujeres,Tasa de Trabajo Infantil Ampliada por Trabajo Doméstico y de Cuidado no remunerado (TTIADC),15.700840646
2023,Total nacional,Mujeres,Tasa de Trabajo Infantil Ampliada por Trabajo Doméstico y de Cuidado no remunerado (TTIADC),14.46339949
2024,Total nacional,Mujeres,Tasa de Trabajo Infantil Ampliada por Trabajo Doméstico y de Cuidado no remunerado (TTIADC),13.581172605
2025,Total nacional,Mujeres,Tasa de Trabajo Infantil Ampliada por Trabajo Doméstico y de Cuidado no remunerado (TTIADC),13.368121072
2022,Total nacional,Mujeres,Mujeres de 5 a 17 años,5245.464
2023,Total nacional,Mujeres,Mujeres de 5 a 17 años,5184.934
2024,Total nacional,Mujeres,Mujeres de 5 a 17 años,5284.572
2025,Total nacional,Mujeres,Mujeres de 5 a 17 años,5282.232
2022,Total nacional,Mujeres,Mujeres de 5 a 17 años que trabajan,112.677
2023,Total nacional,Mujeres,Mujeres de 5 a 17 años que trabajan,87.237
2024,Total nacional,Mujeres,Mujeres de 5 a 17 años que trabajan,98.658
2025,Total nacional,Mujeres,Mujeres de 5 a 17 años que trabajan,76.902
2022,Total nacional,Mujeres,Mujeres de 5 a 17 años que no trabajan y realizan trabajo doméstico no remunerado en su hogar por 15 horas o más,605.59
2023,Total nacional,Mujeres,Mujeres de 5 a 17 años que no trabajan y realizan trabajo doméstico no remunerado en su hogar por 15 horas o más,569.88
2024,Total nacional,Mujeres,Mujeres de 5 a 17 años que no trabajan y realizan trabajo doméstico no remunerado en su hogar por 15 horas o más,518.706
2025,Total nacional,Mujeres,Mujeres de 5 a 17 años que no trabajan y realizan trabajo doméstico no remunerado en su hogar por 15 horas o más,521.837
2022,Total nacional,Mujeres,Mujeres de 5 a 17 años que no trabajan y realizan trabajo doméstico y de cuidado no remunerado en su hogar por 15 horas o más,710.905
2023,Total nacional,Mujeres,Mujeres de 5 a 17 años que no trabajan y realizan trabajo doméstico y de cuidado no remunerado en su hogar por 15 horas o más,662.681
2024,Total nacional,Mujeres,Mujeres de 5 a 17 años que no trabajan y realizan trabajo doméstico y de cuidado no remunerado en su hogar por 15 horas o más,619.048
2025,Total nacional,Mujeres,Mujeres de 5 a 17 años que no trabajan y realizan trabajo doméstico y de cuidado no remunerado en su hogar por 15 horas o más,629.233
2022,Total cabeceras,Hombres,Tasa de Trabajo Infantil (TTI),2.7732565521
2023,Total cabeceras,Hombres,Tasa de Trabajo Infantil (TTI),2.1644803777
2024,Total cabeceras,Hombres,Tasa de Trabajo Infantil (TTI),2.1661593792
2025,Total cabeceras,Hombres,Tasa de Trabajo Infantil (TTI),2.4974092289
2022,Total cabeceras,Hombres,Tasa de Trabajo Infantil Ampliada por Trabajo Doméstico no remunerado (TTIAD),6.7057442067
2023,Total cabeceras,Hombres,Tasa de Trabajo Infantil Ampliada por Trabajo Doméstico no remunerado (TTIAD),5.7351951641
2024,Total cabeceras,Hombres,Tasa de Trabajo Infantil Ampliada por Trabajo Doméstico no remunerado (TTIAD),5.0501966597
2025,Total cabeceras,Hombres,Tasa de Trabajo Infantil Ampliada por Trabajo Doméstico no remunerado (TTIAD),6.0533256084
2022,Total cabeceras,Hombres,Tasa de Trabajo Infantil Ampliada por Trabajo Doméstico y de Cuidado no remunerado (TTIADC),7.827592964
2023,Total cabeceras,Hombres,Tasa de Trabajo Infantil Ampliada por Trabajo Doméstico y de Cuidado no remunerado (TTIADC),6.9600222609
2024,Total cabeceras,Hombres,Tasa de Trabajo Infantil Ampliada por Trabajo Doméstico y de Cuidado no remunerado (TTIADC),5.881506914
2025,Total cabeceras,Hombres,Tasa de Trabajo Infantil Ampliada por Trabajo Doméstico y de Cuidado no remunerado (TTIADC),6.7370633569
2022,Total cabeceras,Hombres,Hombres de 5 a 17 años,3967.555
2023,Total cabeceras,Hombres,Hombres de 5 a 17 años,4007.268
2024,Total cabeceras,Hombres,Hombres de 5 a 17 años,4006.395
2025,Total cabeceras,Hombres,Hombres de 5 a 17 años,4080.659
2022,Total cabeceras,Hombres,Hombres de 5 a 17 años que trabajan,110.03
2023,Total cabeceras,Hombres,Hombres de 5 a 17 años que trabajan,86.737
2024,Total cabeceras,Hombres,Hombres de 5 a 17 años que trabajan,86.785
2025,Total cabeceras,Hombres,Hombres de 5 a 17 años que trabajan,101.911
2022,Total cabeceras,Hombres,Hombres de 5 a 17 años que no trabajan y realizan trabajo doméstico no remunerado en su hogar por 15 horas o más,156.024
2023,Total cabeceras,Hombres,Hombres de 5 a 17 años que no trabajan y realizan trabajo doméstico no remunerado en su hogar por 15 horas o más,143.088
2024,Total cabeceras,Hombres,Hombres de 5 a 17 años que no trabajan y realizan trabajo doméstico no remunerado en su hogar por 15 horas o más,115.546
2025,Total cabeceras,Hombres,Hombres de 5 a 17 años que no trabajan y realizan trabajo doméstico no remunerado en su hogar por 15 horas o más,145.105
2022,Total cabeceras,Hombres,Hombres de 5 a 17 años que no trabajan y realizan trabajo doméstico y de cuidado no remunerado en su hogar por 15 horas o más,200.534
2023,Total cabeceras,Hombres,Hombres de 5 a 17 años que no trabajan y realizan trabajo doméstico y de cuidado no remunerado en su hogar por 15 horas o más,192.17
2024,Total cabeceras,Hombres,Hombres de 5 a 17 años que no trabajan y realizan trabajo doméstico y de cuidado no remunerado en su hogar por 15 horas o más,148.852
2025,Total cabeceras,Hombres,Hombres de 5 a 17 años que no trabajan y realizan trabajo doméstico y de cuidado no remunerado en su hogar por 15 horas o más,173.006
2022,Total cabeceras,Mujeres,Tasa de Trabajo Infantil (TTI),1.3949913186
2023,Total cabeceras,Mujeres,Tasa de Trabajo Infantil (TTI),1.1919070625
2024,Total cabeceras,Mujeres,Tasa de Trabajo Infantil (TTI),1.2652931317
2025,Total cabeceras,Mujeres,Tasa de Trabajo Infantil (TTI),1.1393464967
2022,Total cabeceras,Mujeres,Tasa de Trabajo Infantil Ampliada por Trabajo Doméstico no remunerado (TTIAD),11.604763379
2023,Total cabeceras,Mujeres,Tasa de Trabajo Infantil Ampliada por Trabajo Doméstico no remunerado (TTIAD),10.30126291
2024,Total cabeceras,Mujeres,Tasa de Trabajo Infantil Ampliada por Trabajo Doméstico no remunerado (TTIAD),9.2152530717
2025,Total cabeceras,Mujeres,Tasa de Trabajo Infantil Ampliada por Trabajo Doméstico no remunerado (TTIAD),8.8517313521
2022,Total cabeceras,Mujeres,Tasa de Trabajo Infantil Ampliada por Trabajo Doméstico y de Cuidado no remunerado (TTIADC),13.536729516
2023,Total cabeceras,Mujeres,Tasa de Trabajo Infantil Ampliada por Trabajo Doméstico y de Cuidado no remunerado (TTIADC),11.924384625
2024,Total cabeceras,Mujeres,Tasa de Trabajo Infantil Ampliada por Trabajo Doméstico y de Cuidado no remunerado (TTIADC),11.082226078
2025,Total cabeceras,Mujeres,Tasa de Trabajo Infantil Ampliada por Trabajo Doméstico y de Cuidado no remunerado (TTIADC),10.715142742
2022,Total cabeceras,Mujeres,Mujeres de 5 a 17 años,3857.646
2023,Total cabeceras,Mujeres,Mujeres de 5 a 17 años,3841.808
2024,Total cabeceras,Mujeres,Mujeres de 5 a 17 años,3948.862
2025,Total cabeceras,Mujeres,Mujeres de 5 a 17 años,3857.673
2022,Total cabeceras,Mujeres,Mujeres de 5 a 17 años que trabajan,53.814
2023,Total cabeceras,Mujeres,Mujeres de 5 a 17 años que trabajan,45.791
2024,Total cabeceras,Mujeres,Mujeres de 5 a 17 años que trabajan,49.965
2025,Total cabeceras,Mujeres,Mujeres de 5 a 17 años que trabajan,43.952
2022,Total cabeceras,Mujeres,Mujeres de 5 a 17 años que no trabajan y realizan trabajo doméstico no remunerado en su hogar por 15 horas o más,393.857
2023,Total cabeceras,Mujeres,Mujeres de 5 a 17 años que no trabajan y realizan trabajo doméstico no remunerado en su hogar por 15 horas o más,349.964
2024,Total cabeceras,Mujeres,Mujeres de 5 a 17 años que no trabajan y realizan trabajo doméstico no remunerado en su hogar por 15 horas o más,313.933
2025,Total cabeceras,Mujeres,Mujeres de 5 a 17 años que no trabajan y realizan trabajo doméstico no remunerado en su hogar por 15 horas o más,297.519
2022,Total cabeceras,Mujeres,Mujeres de 5 a 17 años que no trabajan y realizan trabajo doméstico y de cuidado no remunerado en su hogar por 15 horas o más,468.385
2023,Total cabeceras,Mujeres,Mujeres de 5 a 17 años que no trabajan y realizan trabajo doméstico y de cuidado no remunerado en su hogar por 15 horas o más,412.321
2024,Total cabeceras,Mujeres,Mujeres de 5 a 17 años que no trabajan y realizan trabajo doméstico y de cuidado no remunerado en su hogar por 15 horas o más,387.657
2025,Total cabeceras,Mujeres,Mujeres de 5 a 17 años que no trabajan y realizan trabajo doméstico y de cuidado no remunerado en su hogar por 15 horas o más,369.403
2022,Total centros poblados y rural disperso,Hombres,Tasa de Trabajo Infantil (TTI),9.6688019675
2023,Total centros poblados y rural disperso,Hombres,Tasa de Trabajo Infantil (TTI),9.2798355327
2024,Total centros poblados y rural disperso,Hombres,Tasa de Trabajo Infantil (TTI),8.1279371014
2025,Total centros poblados y rural disperso,Hombres,Tasa de Trabajo Infantil (TTI),7.9158729745
2022,Total centros poblados y rural disperso,Hombres,Tasa de Trabajo Infantil Ampliada por Trabajo Doméstico no remunerado (TTIAD),12.923571444
2023,Total centros poblados y rural disperso,Hombres,Tasa de Trabajo Infantil Ampliada por Trabajo Doméstico no remunerado (TTIAD),12.255558859
2024,Total centros poblados y rural disperso,Hombres,Tasa de Trabajo Infantil Ampliada por Trabajo Doméstico no remunerado (TTIAD),12.366999238
2025,Total centros poblados y rural disperso,Hombres,Tasa de Trabajo Infantil Ampliada por Trabajo Doméstico no remunerado (TTIAD),11.591666025
2022,Total centros poblados y rural disperso,Hombres,Tasa de Trabajo Infantil Ampliada por Trabajo Doméstico y de Cuidado no remunerado (TTIADC),14.571074409
2023,Total centros poblados y rural disperso,Hombres,Tasa de Trabajo Infantil Ampliada por Trabajo Doméstico y de Cuidado no remunerado (TTIADC),14.423852521
2024,Total centros poblados y rural disperso,Hombres,Tasa de Trabajo Infantil Ampliada por Trabajo Doméstico y de Cuidado no remunerado (TTIADC),13.467081892
2025,Total centros poblados y rural disperso,Hombres,Tasa de Trabajo Infantil Ampliada por Trabajo Doméstico y de Cuidado no remunerado (TTIADC),12.851628537
2022,Total centros poblados y rural disperso,Hombres,Hombres de 5 a 17 años,1516.991
2023,Total centros poblados y rural disperso,Hombres,Hombres de 5 a 17 años,1469.918
2024,Total centros poblados y rural disperso,Hombres,Hombres de 5 a 17 años,1539.572
2025,Total centros poblados y rural disperso,Hombres,Hombres de 5 a 17 años,1550.142
2022,Total centros poblados y rural disperso,Hombres,Hombres de 5 a 17 años que trabajan,146.675
2023,Total centros poblados y rural disperso,Hombres,Hombres de 5 a 17 años que trabajan,136.406
2024,Total centros poblados y rural disperso,Hombres,Hombres de 5 a 17 años que trabajan,125.135
2025,Total centros poblados y rural disperso,Hombres,Hombres de 5 a 17 años que trabajan,122.707
2022,Total centros poblados y rural disperso,Hombres,Hombres de 5 a 17 años que no trabajan y realizan trabajo doméstico no remunerado en su hogar por 15 horas o más,49.375
2023,Total centros poblados y rural disperso,Hombres,Hombres de 5 a 17 años que no trabajan y realizan trabajo doméstico no remunerado en su hogar por 15 horas o más,43.741
2024,Total centros poblados y rural disperso,Hombres,Hombres de 5 a 17 años que no trabajan y realizan trabajo doméstico no remunerado en su hogar por 15 horas o más,65.263
2025,Total centros poblados y rural disperso,Hombres,Hombres de 5 a 17 años que no trabajan y realizan trabajo doméstico no remunerado en su hogar por 15 horas o más,56.98
2022,Total centros poblados y rural disperso,Hombres,Hombres de 5 a 17 años que no trabajan y realizan trabajo doméstico y de cuidado no remunerado en su hogar por 15 horas o más,74.367
2023,Total centros poblados y rural disperso,Hombres,Hombres de 5 a 17 años que no trabajan y realizan trabajo doméstico y de cuidado no remunerado en su hogar por 15 horas o más,75.613
2024,Total centros poblados y rural disperso,Hombres,Hombres de 5 a 17 años que no trabajan y realizan trabajo doméstico y de cuidado no remunerado en su hogar por 15 horas o más,82.2
2025,Total centros poblados y rural disperso,Hombres,Hombres de 5 a 17 años que no trabajan y realizan trabajo doméstico y de cuidado no remunerado en su hogar por 15 horas o más,76.511
2022,Total centros poblados y rural disperso,Mujeres,Tasa de Trabajo Infantil (TTI),4.2414327448
2023,Total centros poblados y rural disperso,Mujeres,Tasa de Trabajo Infantil (TTI),3.0857933005
2024,Total centros poblados y rural disperso,Mujeres,Tasa de Trabajo Infantil (TTI),3.6455330452
2025,Total centros poblados y rural disperso,Mujeres,Tasa de Trabajo Infantil (TTI),2.3130023262
2022,Total centros poblados y rural disperso,Mujeres,Tasa de Trabajo Infantil Ampliada por Trabajo Doméstico no remunerado (TTIAD),19.497960134
2023,Total centros poblados y rural disperso,Mujeres,Tasa de Trabajo Infantil Ampliada por Trabajo Doméstico no remunerado (TTIAD),19.459250034
2024,Total centros poblados y rural disperso,Mujeres,Tasa de Trabajo Infantil Ampliada por Trabajo Doméstico no remunerado (TTIAD),18.9762007
2025,Total centros poblados y rural disperso,Mujeres,Tasa de Trabajo Infantil Ampliada por Trabajo Doméstico no remunerado (TTIAD),18.059552835
2022,Total centros poblados y rural disperso,Mujeres,Tasa de Trabajo Infantil Ampliada por Trabajo Doméstico y de Cuidado no remunerado (TTIADC),21.716310327
2023,Total centros poblados y rural disperso,Mujeres,Tasa de Trabajo Infantil Ampliada por Trabajo Doméstico y de Cuidado no remunerado (TTIADC),21.725869065
2024,Total centros poblados y rural disperso,Mujeres,Tasa de Trabajo Infantil Ampliada por Trabajo Doméstico y de Cuidado no remunerado (TTIADC),20.968995172
2025,Total centros poblados y rural disperso,Mujeres,Tasa de Trabajo Infantil Ampliada por Trabajo Doméstico y de Cuidado no remunerado (TTIADC),20.552323798
2022,Total centros poblados y rural disperso,Mujeres,Mujeres de 5 a 17 años,1387.818
2023,Total centros poblados y rural disperso,Mujeres,Mujeres de 5 a 17 años,1343.125
2024,Total centros poblados y rural disperso,Mujeres,Mujeres de 5 a 17 años,1335.711
2025,Total centros poblados y rural disperso,Mujeres,Mujeres de 5 a 17 años,1424.559
2022,Total centros poblados y rural disperso,Mujeres,Mujeres de 5 a 17 años que trabajan,58.863
2023,Total centros poblados y rural disperso,Mujeres,Mujeres de 5 a 17 años que trabajan,41.446
2024,Total centros poblados y rural disperso,Mujeres,Mujeres de 5 a 17 años que trabajan,48.694
2025,Total centros poblados y rural disperso,Mujeres,Mujeres de 5 a 17 años que trabajan,32.95
2022,Total centros poblados y rural disperso,Mujeres,Mujeres de 5 a 17 años que no trabajan y realizan trabajo doméstico no remunerado en su hogar por 15 horas o más,211.733
2023,Total centros poblados y rural disperso,Mujeres,Mujeres de 5 a 17 años que no trabajan y realizan trabajo doméstico no remunerado en su hogar por 15 horas o más,219.916
2024,Total centros poblados y rural disperso,Mujeres,Mujeres de 5 a 17 años que no trabajan y realizan trabajo doméstico no remunerado en su hogar por 15 horas o más,204.773
2025,Total centros poblados y rural disperso,Mujeres,Mujeres de 5 a 17 años que no trabajan y realizan trabajo doméstico no remunerado en su hogar por 15 horas o más,224.319
2022,Total centros poblados y rural disperso,Mujeres,Mujeres de 5 a 17 años que no trabajan y realizan trabajo doméstico y de cuidado no remunerado en su hogar por 15 horas o más,242.519
2023,Total centros poblados y rural disperso,Mujeres,Mujeres de 5 a 17 años que no trabajan y realizan trabajo doméstico y de cuidado no remunerado en su hogar por 15 horas o más,250.36
2024,Total centros poblados y rural disperso,Mujeres,Mujeres de 5 a 17 años que no trabajan y realizan trabajo doméstico y de cuidado no remunerado en su hogar por 15 horas o más,231.391
2025,Total centros poblados y rural disperso,Mujeres,Mujeres de 5 a 17 años que no trabajan y realizan trabajo doméstico y de cuidado no remunerado en su hogar por 15 horas o más,259.83
