Ambito,Codigo,Tipo,Concepto,Partido,Votos,Porcentaje
NACIONAL,,Candidato,ABELARDO DE LA ESPRIELLA,DEFENSORES DE LA PATRIA,10361499,43.74
NACIONAL,,Candidato,IVÁN CEPEDA CASTRO,MOVIMIENTO POLÍTICO PACTO HISTÓRICO,9688361,40.9
NACIONAL,,Candidato,PALOMA VALENCIA LASERNA,PARTIDO CENTRO DEMOCRÁTICO,1639685,6.92
NACIONAL,,Candidato,SERGIO FAJARDO VALDERRAMA,PARTIDO POLÍTICO DIGNIDAD & COMPROMISO,1009073,4.26
NACIONAL,,Candidato,CLAUDIA LÓPEZ,CON CLAUDIA IMPARABLES,225517,0.95
NACIONAL,,Candidato,RAÚL SANTIAGO BOTERO JARAMILLO,ROMPER EL SISTEMA,206140,0.87
NACIONAL,,Candidato,ÓSCAR MAURICIO LIZCANO ARANGO,COALICIÓN F.A.M.I.L.I.A,53839,0.22
NACIONAL,,Candidato,MIGUEL URIBE LONDOÑO,PARTIDO DEMÓCRATA COLOMBIANO,28657,0.12
NACIONAL,,Candidato,SONDRA MACOLLINS GARVIN PINTO,"SONDRA MACOLLINS, LA ABOGADA DE HIERRO",19889,0.08
NACIONAL,,Candidato,ROY LEONARDO BARRERAS MONTEALEGRE,PARTIDO POLÍTICO LA FUERZA,14108,0.05
NACIONAL,,Candidato,LUIS GILBERTO MURILLO URRUTIA,LA OPORTUNIDAD ES COLOMBIA,13270,0.05
NACIONAL,,Candidato,CARLOS EDUARDO CAICEDO OMAR,CAICEDO,12694,0.05
NACIONAL,,Candidato,GUSTAVO MATAMOROS CAMACHO,PARTIDO ECOLOGISTA COLOMBIANO,5627,0.02
NACIONAL,,Escrutinio,Votos en blanco,,406970,1.71
NACIONAL,,Escrutinio,Votos nulos,,245389,1.02
NACIONAL,,Escrutinio,No marcados,,47586,0.19
NACIONAL,,Escrutinio,Abstención,,17443669,42.11
AMAZONAS,91,Candidato,IVÁN CEPEDA CASTRO,MOVIMIENTO POLÍTICO PACTO HISTÓRICO,13954,55.31
AMAZONAS,91,Candidato,ABELARDO DE LA ESPRIELLA,DEFENSORES DE LA PATRIA,7887,31.26
AMAZONAS,91,Candidato,PALOMA VALENCIA LASERNA,PARTIDO CENTRO DEMOCRÁTICO,1596,6.32
AMAZONAS,91,Candidato,SERGIO FAJARDO VALDERRAMA,PARTIDO POLÍTICO DIGNIDAD & COMPROMISO,494,1.95
AMAZONAS,91,Candidato,RAÚL SANTIAGO BOTERO JARAMILLO,ROMPER EL SISTEMA,341,1.35
AMAZONAS,91,Candidato,CLAUDIA LÓPEZ,CON CLAUDIA IMPARABLES,218,0.86
AMAZONAS,91,Candidato,ÓSCAR MAURICIO LIZCANO ARANGO,COALICIÓN F.A.M.I.L.I.A,66,0.26
AMAZONAS,91,Candidato,MIGUEL URIBE LONDOÑO,PARTIDO DEMÓCRATA COLOMBIANO,53,0.21
AMAZONAS,91,Candidato,CARLOS EDUARDO CAICEDO OMAR,CAICEDO,38,0.15
AMAZONAS,91,Candidato,ROY LEONARDO BARRERAS MONTEALEGRE,PARTIDO POLÍTICO LA FUERZA,35,0.13
AMAZONAS,91,Candidato,SONDRA MACOLLINS GARVIN PINTO,"SONDRA MACOLLINS, LA ABOGADA DE HIERRO",27,0.1
AMAZONAS,91,Candidato,LUIS GILBERTO MURILLO URRUTIA,LA OPORTUNIDAD ES COLOMBIA,27,0.1
AMAZONAS,91,Candidato,GUSTAVO MATAMOROS CAMACHO,PARTIDO ECOLOGISTA COLOMBIANO,12,0.04
AMAZONAS,91,Escrutinio,Votos en blanco,,479,1.89
AMAZONAS,91,Escrutinio,Votos nulos,,229,0.89
AMAZONAS,91,Escrutinio,No marcados,,101,0.39
AMAZONAS,91,Escrutinio,Abstención,,31717,55.37
ANTIOQUIA,05,Candidato,ABELARDO DE LA ESPRIELLA,DEFENSORES DE LA PATRIA,1723406,54.36
ANTIOQUIA,05,Candidato,IVÁN CEPEDA CASTRO,MOVIMIENTO POLÍTICO PACTO HISTÓRICO,805652,25.41
ANTIOQUIA,05,Candidato,PALOMA VALENCIA LASERNA,PARTIDO CENTRO DEMOCRÁTICO,294322,9.28
ANTIOQUIA,05,Candidato,SERGIO FAJARDO VALDERRAMA,PARTIDO POLÍTICO DIGNIDAD & COMPROMISO,225072,7.09
ANTIOQUIA,05,Candidato,RAÚL SANTIAGO BOTERO JARAMILLO,ROMPER EL SISTEMA,30271,0.95
ANTIOQUIA,05,Candidato,CLAUDIA LÓPEZ,CON CLAUDIA IMPARABLES,13482,0.42
ANTIOQUIA,05,Candidato,ÓSCAR MAURICIO LIZCANO ARANGO,COALICIÓN F.A.M.I.L.I.A,4542,0.14
ANTIOQUIA,05,Candidato,MIGUEL URIBE LONDOÑO,PARTIDO DEMÓCRATA COLOMBIANO,4414,0.13
ANTIOQUIA,05,Candidato,SONDRA MACOLLINS GARVIN PINTO,"SONDRA MACOLLINS, LA ABOGADA DE HIERRO",2783,0.08
ANTIOQUIA,05,Candidato,ROY LEONARDO BARRERAS MONTEALEGRE,PARTIDO POLÍTICO LA FUERZA,1948,0.06
ANTIOQUIA,05,Candidato,LUIS GILBERTO MURILLO URRUTIA,LA OPORTUNIDAD ES COLOMBIA,1768,0.05
ANTIOQUIA,05,Candidato,CARLOS EDUARDO CAICEDO OMAR,CAICEDO,1282,0.04
ANTIOQUIA,05,Candidato,GUSTAVO MATAMOROS CAMACHO,PARTIDO ECOLOGISTA COLOMBIANO,755,0.02
ANTIOQUIA,05,Escrutinio,Votos en blanco,,60539,1.9
ANTIOQUIA,05,Escrutinio,Votos nulos,,31097,0.96
ANTIOQUIA,05,Escrutinio,No marcados,,8187,0.25
ANTIOQUIA,05,Escrutinio,Abstención,,2238720,41.09
ARAUCA,81,Candidato,ABELARDO DE LA ESPRIELLA,DEFENSORES DE LA PATRIA,50613,51.28
ARAUCA,81,Candidato,IVÁN CEPEDA CASTRO,MOVIMIENTO POLÍTICO PACTO HISTÓRICO,34097,34.55
ARAUCA,81,Candidato,PALOMA VALENCIA LASERNA,PARTIDO CENTRO DEMOCRÁTICO,5889,5.96
ARAUCA,81,Candidato,SERGIO FAJARDO VALDERRAMA,PARTIDO POLÍTICO DIGNIDAD & COMPROMISO,2313,2.34
ARAUCA,81,Candidato,RAÚL SANTIAGO BOTERO JARAMILLO,ROMPER EL SISTEMA,1890,1.91
ARAUCA,81,Candidato,CLAUDIA LÓPEZ,CON CLAUDIA IMPARABLES,466,0.47
ARAUCA,81,Candidato,MIGUEL URIBE LONDOÑO,PARTIDO DEMÓCRATA COLOMBIANO,238,0.24
ARAUCA,81,Candidato,ÓSCAR MAURICIO LIZCANO ARANGO,COALICIÓN F.A.M.I.L.I.A,222,0.22
ARAUCA,81,Candidato,SONDRA MACOLLINS GARVIN PINTO,"SONDRA MACOLLINS, LA ABOGADA DE HIERRO",116,0.11
ARAUCA,81,Candidato,ROY LEONARDO BARRERAS MONTEALEGRE,PARTIDO POLÍTICO LA FUERZA,100,0.1
ARAUCA,81,Candidato,CARLOS EDUARDO CAICEDO OMAR,CAICEDO,70,0.07
ARAUCA,81,Candidato,LUIS GILBERTO MURILLO URRUTIA,LA OPORTUNIDAD ES COLOMBIA,69,0.06
ARAUCA,81,Candidato,GUSTAVO MATAMOROS CAMACHO,PARTIDO ECOLOGISTA COLOMBIANO,25,0.02
ARAUCA,81,Escrutinio,Votos en blanco,,2579,2.61
ARAUCA,81,Escrutinio,Votos nulos,,1660,1.64
ARAUCA,81,Escrutinio,No marcados,,382,0.37
ARAUCA,81,Escrutinio,Abstención,,120076,54.38
ATLANTICO,08,Candidato,IVÁN CEPEDA CASTRO,MOVIMIENTO POLÍTICO PACTO HISTÓRICO,549193,52.12
ATLANTICO,08,Candidato,ABELARDO DE LA ESPRIELLA,DEFENSORES DE LA PATRIA,432784,41.07
ATLANTICO,08,Candidato,SERGIO FAJARDO VALDERRAMA,PARTIDO POLÍTICO DIGNIDAD & COMPROMISO,27808,2.63
ATLANTICO,08,Candidato,PALOMA VALENCIA LASERNA,PARTIDO CENTRO DEMOCRÁTICO,20940,1.98
ATLANTICO,08,Candidato,RAÚL SANTIAGO BOTERO JARAMILLO,ROMPER EL SISTEMA,3296,0.31
ATLANTICO,08,Candidato,CLAUDIA LÓPEZ,CON CLAUDIA IMPARABLES,2684,0.25
ATLANTICO,08,Candidato,ÓSCAR MAURICIO LIZCANO ARANGO,COALICIÓN F.A.M.I.L.I.A,2064,0.19
ATLANTICO,08,Candidato,CARLOS EDUARDO CAICEDO OMAR,CAICEDO,625,0.05
ATLANTICO,08,Candidato,MIGUEL URIBE LONDOÑO,PARTIDO DEMÓCRATA COLOMBIANO,606,0.05
ATLANTICO,08,Candidato,SONDRA MACOLLINS GARVIN PINTO,"SONDRA MACOLLINS, LA ABOGADA DE HIERRO",508,0.04
ATLANTICO,08,Candidato,LUIS GILBERTO MURILLO URRUTIA,LA OPORTUNIDAD ES COLOMBIA,308,0.02
ATLANTICO,08,Candidato,ROY LEONARDO BARRERAS MONTEALEGRE,PARTIDO POLÍTICO LA FUERZA,305,0.02
ATLANTICO,08,Candidato,GUSTAVO MATAMOROS CAMACHO,PARTIDO ECOLOGISTA COLOMBIANO,230,0.02
ATLANTICO,08,Escrutinio,Votos en blanco,,12333,1.17
ATLANTICO,08,Escrutinio,Votos nulos,,4735,0.44
ATLANTICO,08,Escrutinio,No marcados,,1728,0.16
ATLANTICO,08,Escrutinio,Abstención,,1069368,50.21
BOGOTA D.C.,11,Candidato,IVÁN CEPEDA CASTRO,MOVIMIENTO POLÍTICO PACTO HISTÓRICO,1706249,41.67
BOGOTA D.C.,11,Candidato,ABELARDO DE LA ESPRIELLA,DEFENSORES DE LA PATRIA,1543517,37.69
BOGOTA D.C.,11,Candidato,PALOMA VALENCIA LASERNA,PARTIDO CENTRO DEMOCRÁTICO,372142,9.08
BOGOTA D.C.,11,Candidato,SERGIO FAJARDO VALDERRAMA,PARTIDO POLÍTICO DIGNIDAD & COMPROMISO,258410,6.31
BOGOTA D.C.,11,Candidato,CLAUDIA LÓPEZ,CON CLAUDIA IMPARABLES,102440,2.5
BOGOTA D.C.,11,Candidato,RAÚL SANTIAGO BOTERO JARAMILLO,ROMPER EL SISTEMA,22090,0.53
BOGOTA D.C.,11,Candidato,ÓSCAR MAURICIO LIZCANO ARANGO,COALICIÓN F.A.M.I.L.I.A,6449,0.15
BOGOTA D.C.,11,Candidato,MIGUEL URIBE LONDOÑO,PARTIDO DEMÓCRATA COLOMBIANO,4007,0.09
BOGOTA D.C.,11,Candidato,SONDRA MACOLLINS GARVIN PINTO,"SONDRA MACOLLINS, LA ABOGADA DE HIERRO",2679,0.06
BOGOTA D.C.,11,Candidato,LUIS GILBERTO MURILLO URRUTIA,LA OPORTUNIDAD ES COLOMBIA,2488,0.06
BOGOTA D.C.,11,Candidato,ROY LEONARDO BARRERAS MONTEALEGRE,PARTIDO POLÍTICO LA FUERZA,1815,0.04
BOGOTA D.C.,11,Candidato,CARLOS EDUARDO CAICEDO OMAR,CAICEDO,1251,0.03
BOGOTA D.C.,11,Candidato,GUSTAVO MATAMOROS CAMACHO,PARTIDO ECOLOGISTA COLOMBIANO,827,0.02
BOGOTA D.C.,11,Escrutinio,Votos en blanco,,70144,1.71
BOGOTA D.C.,11,Escrutinio,Votos nulos,,33279,0.8
BOGOTA D.C.,11,Escrutinio,No marcados,,2297,0.05
BOGOTA D.C.,11,Escrutinio,Abstención,,1946515,32.03
BOLIVAR,13,Candidato,IVÁN CEPEDA CASTRO,MOVIMIENTO POLÍTICO PACTO HISTÓRICO,443226,54.0
BOLIVAR,13,Candidato,ABELARDO DE LA ESPRIELLA,DEFENSORES DE LA PATRIA,312574,38.08
BOLIVAR,13,Candidato,PALOMA VALENCIA LASERNA,PARTIDO CENTRO DEMOCRÁTICO,23822,2.9
BOLIVAR,13,Candidato,SERGIO FAJARDO VALDERRAMA,PARTIDO POLÍTICO DIGNIDAD & COMPROMISO,15690,1.91
BOLIVAR,13,Candidato,RAÚL SANTIAGO BOTERO JARAMILLO,ROMPER EL SISTEMA,4167,0.5
BOLIVAR,13,Candidato,ÓSCAR MAURICIO LIZCANO ARANGO,COALICIÓN F.A.M.I.L.I.A,2631,0.32
BOLIVAR,13,Candidato,CLAUDIA LÓPEZ,CON CLAUDIA IMPARABLES,2343,0.28
BOLIVAR,13,Candidato,MIGUEL URIBE LONDOÑO,PARTIDO DEMÓCRATA COLOMBIANO,912,0.11
BOLIVAR,13,Candidato,SONDRA MACOLLINS GARVIN PINTO,"SONDRA MACOLLINS, LA ABOGADA DE HIERRO",569,0.06
BOLIVAR,13,Candidato,CARLOS EDUARDO CAICEDO OMAR,CAICEDO,532,0.06
BOLIVAR,13,Candidato,ROY LEONARDO BARRERAS MONTEALEGRE,PARTIDO POLÍTICO LA FUERZA,431,0.05
BOLIVAR,13,Candidato,LUIS GILBERTO MURILLO URRUTIA,LA OPORTUNIDAD ES COLOMBIA,332,0.04
BOLIVAR,13,Candidato,GUSTAVO MATAMOROS CAMACHO,PARTIDO ECOLOGISTA COLOMBIANO,189,0.02
BOLIVAR,13,Escrutinio,Votos en blanco,,13281,1.61
BOLIVAR,13,Escrutinio,Votos nulos,,4542,0.54
BOLIVAR,13,Escrutinio,No marcados,,1779,0.21
BOLIVAR,13,Escrutinio,Abstención,,964139,53.82
BOYACA,15,Candidato,ABELARDO DE LA ESPRIELLA,DEFENSORES DE LA PATRIA,337768,50.47
BOYACA,15,Candidato,IVÁN CEPEDA CASTRO,MOVIMIENTO POLÍTICO PACTO HISTÓRICO,216425,32.34
BOYACA,15,Candidato,PALOMA VALENCIA LASERNA,PARTIDO CENTRO DEMOCRÁTICO,57602,8.6
BOYACA,15,Candidato,SERGIO FAJARDO VALDERRAMA,PARTIDO POLÍTICO DIGNIDAD & COMPROMISO,28853,4.31
BOYACA,15,Candidato,CLAUDIA LÓPEZ,CON CLAUDIA IMPARABLES,8175,1.22
BOYACA,15,Candidato,RAÚL SANTIAGO BOTERO JARAMILLO,ROMPER EL SISTEMA,6083,0.9
BOYACA,15,Candidato,ÓSCAR MAURICIO LIZCANO ARANGO,COALICIÓN F.A.M.I.L.I.A,1161,0.17
BOYACA,15,Candidato,MIGUEL URIBE LONDOÑO,PARTIDO DEMÓCRATA COLOMBIANO,937,0.14
BOYACA,15,Candidato,SONDRA MACOLLINS GARVIN PINTO,"SONDRA MACOLLINS, LA ABOGADA DE HIERRO",670,0.1
BOYACA,15,Candidato,ROY LEONARDO BARRERAS MONTEALEGRE,PARTIDO POLÍTICO LA FUERZA,436,0.06
BOYACA,15,Candidato,LUIS GILBERTO MURILLO URRUTIA,LA OPORTUNIDAD ES COLOMBIA,311,0.04
BOYACA,15,Candidato,CARLOS EDUARDO CAICEDO OMAR,CAICEDO,250,0.03
BOYACA,15,Candidato,GUSTAVO MATAMOROS CAMACHO,PARTIDO ECOLOGISTA COLOMBIANO,151,0.02
BOYACA,15,Escrutinio,Votos en blanco,,10340,1.54
BOYACA,15,Escrutinio,Votos nulos,,7362,1.08
BOYACA,15,Escrutinio,No marcados,,1109,0.16
BOYACA,15,Escrutinio,Abstención,,361660,34.79
CALDAS,17,Candidato,ABELARDO DE LA ESPRIELLA,DEFENSORES DE LA PATRIA,218852,44.54
CALDAS,17,Candidato,IVÁN CEPEDA CASTRO,MOVIMIENTO POLÍTICO PACTO HISTÓRICO,146202,29.76
CALDAS,17,Candidato,PALOMA VALENCIA LASERNA,PARTIDO CENTRO DEMOCRÁTICO,61889,12.59
CALDAS,17,Candidato,SERGIO FAJARDO VALDERRAMA,PARTIDO POLÍTICO DIGNIDAD & COMPROMISO,26703,5.43
CALDAS,17,Candidato,ÓSCAR MAURICIO LIZCANO ARANGO,COALICIÓN F.A.M.I.L.I.A,13812,2.81
CALDAS,17,Candidato,RAÚL SANTIAGO BOTERO JARAMILLO,ROMPER EL SISTEMA,6093,1.24
CALDAS,17,Candidato,CLAUDIA LÓPEZ,CON CLAUDIA IMPARABLES,4908,0.99
CALDAS,17,Candidato,MIGUEL URIBE LONDOÑO,PARTIDO DEMÓCRATA COLOMBIANO,1098,0.22
CALDAS,17,Candidato,SONDRA MACOLLINS GARVIN PINTO,"SONDRA MACOLLINS, LA ABOGADA DE HIERRO",611,0.12
CALDAS,17,Candidato,ROY LEONARDO BARRERAS MONTEALEGRE,PARTIDO POLÍTICO LA FUERZA,468,0.09
CALDAS,17,Candidato,LUIS GILBERTO MURILLO URRUTIA,LA OPORTUNIDAD ES COLOMBIA,359,0.07
CALDAS,17,Candidato,CARLOS EDUARDO CAICEDO OMAR,CAICEDO,285,0.05
CALDAS,17,Candidato,GUSTAVO MATAMOROS CAMACHO,PARTIDO ECOLOGISTA COLOMBIANO,147,0.02
CALDAS,17,Escrutinio,Votos en blanco,,9832,2.0
CALDAS,17,Escrutinio,Votos nulos,,9719,1.93
CALDAS,17,Escrutinio,No marcados,,1829,0.36
CALDAS,17,Escrutinio,Abstención,,325864,39.32
CAQUETA,18,Candidato,ABELARDO DE LA ESPRIELLA,DEFENSORES DE LA PATRIA,81783,47.74
CAQUETA,18,Candidato,IVÁN CEPEDA CASTRO,MOVIMIENTO POLÍTICO PACTO HISTÓRICO,66468,38.8
CAQUETA,18,Candidato,PALOMA VALENCIA LASERNA,PARTIDO CENTRO DEMOCRÁTICO,8226,4.8
CAQUETA,18,Candidato,SERGIO FAJARDO VALDERRAMA,PARTIDO POLÍTICO DIGNIDAD & COMPROMISO,4048,2.36
CAQUETA,18,Candidato,RAÚL SANTIAGO BOTERO JARAMILLO,ROMPER EL SISTEMA,3346,1.95
CAQUETA,18,Candidato,CLAUDIA LÓPEZ,CON CLAUDIA IMPARABLES,879,0.51
CAQUETA,18,Candidato,ÓSCAR MAURICIO LIZCANO ARANGO,COALICIÓN F.A.M.I.L.I.A,440,0.25
CAQUETA,18,Candidato,MIGUEL URIBE LONDOÑO,PARTIDO DEMÓCRATA COLOMBIANO,375,0.21
CAQUETA,18,Candidato,SONDRA MACOLLINS GARVIN PINTO,"SONDRA MACOLLINS, LA ABOGADA DE HIERRO",252,0.14
CAQUETA,18,Candidato,ROY LEONARDO BARRERAS MONTEALEGRE,PARTIDO POLÍTICO LA FUERZA,182,0.1
CAQUETA,18,Candidato,CARLOS EDUARDO CAICEDO OMAR,CAICEDO,148,0.08
CAQUETA,18,Candidato,LUIS GILBERTO MURILLO URRUTIA,LA OPORTUNIDAD ES COLOMBIA,135,0.07
CAQUETA,18,Candidato,GUSTAVO MATAMOROS CAMACHO,PARTIDO ECOLOGISTA COLOMBIANO,69,0.04
CAQUETA,18,Escrutinio,Votos en blanco,,4945,2.88
CAQUETA,18,Escrutinio,Votos nulos,,2707,1.54
CAQUETA,18,Escrutinio,No marcados,,990,0.56
CAQUETA,18,Escrutinio,Abstención,,152425,46.55
CASANARE,85,Candidato,ABELARDO DE LA ESPRIELLA,DEFENSORES DE LA PATRIA,134114,61.25
CASANARE,85,Candidato,IVÁN CEPEDA CASTRO,MOVIMIENTO POLÍTICO PACTO HISTÓRICO,54202,24.75
CASANARE,85,Candidato,PALOMA VALENCIA LASERNA,PARTIDO CENTRO DEMOCRÁTICO,14702,6.71
CASANARE,85,Candidato,SERGIO FAJARDO VALDERRAMA,PARTIDO POLÍTICO DIGNIDAD & COMPROMISO,6028,2.75
CASANARE,85,Candidato,RAÚL SANTIAGO BOTERO JARAMILLO,ROMPER EL SISTEMA,3642,1.66
CASANARE,85,Candidato,CLAUDIA LÓPEZ,CON CLAUDIA IMPARABLES,1076,0.49
CASANARE,85,Candidato,ÓSCAR MAURICIO LIZCANO ARANGO,COALICIÓN F.A.M.I.L.I.A,333,0.15
CASANARE,85,Candidato,MIGUEL URIBE LONDOÑO,PARTIDO DEMÓCRATA COLOMBIANO,288,0.13
CASANARE,85,Candidato,SONDRA MACOLLINS GARVIN PINTO,"SONDRA MACOLLINS, LA ABOGADA DE HIERRO",205,0.09
CASANARE,85,Candidato,ROY LEONARDO BARRERAS MONTEALEGRE,PARTIDO POLÍTICO LA FUERZA,196,0.08
CASANARE,85,Candidato,LUIS GILBERTO MURILLO URRUTIA,LA OPORTUNIDAD ES COLOMBIA,97,0.04
CASANARE,85,Candidato,CARLOS EDUARDO CAICEDO OMAR,CAICEDO,87,0.03
CASANARE,85,Candidato,GUSTAVO MATAMOROS CAMACHO,PARTIDO ECOLOGISTA COLOMBIANO,67,0.03
CASANARE,85,Escrutinio,Votos en blanco,,3905,1.78
CASANARE,85,Escrutinio,Votos nulos,,3063,1.37
CASANARE,85,Escrutinio,No marcados,,498,0.22
CASANARE,85,Escrutinio,Abstención,,106270,32.32
CAUCA,19,Candidato,IVÁN CEPEDA CASTRO,MOVIMIENTO POLÍTICO PACTO HISTÓRICO,462794,68.33
CAUCA,19,Candidato,ABELARDO DE LA ESPRIELLA,DEFENSORES DE LA PATRIA,131175,19.37
CAUCA,19,Candidato,PALOMA VALENCIA LASERNA,PARTIDO CENTRO DEMOCRÁTICO,40343,5.95
CAUCA,19,Candidato,SERGIO FAJARDO VALDERRAMA,PARTIDO POLÍTICO DIGNIDAD & COMPROMISO,12037,1.77
CAUCA,19,Candidato,RAÚL SANTIAGO BOTERO JARAMILLO,ROMPER EL SISTEMA,5177,0.76
CAUCA,19,Candidato,CLAUDIA LÓPEZ,CON CLAUDIA IMPARABLES,3988,0.58
CAUCA,19,Candidato,ÓSCAR MAURICIO LIZCANO ARANGO,COALICIÓN F.A.M.I.L.I.A,1256,0.18
CAUCA,19,Candidato,MIGUEL URIBE LONDOÑO,PARTIDO DEMÓCRATA COLOMBIANO,1220,0.18
CAUCA,19,Candidato,SONDRA MACOLLINS GARVIN PINTO,"SONDRA MACOLLINS, LA ABOGADA DE HIERRO",822,0.12
CAUCA,19,Candidato,ROY LEONARDO BARRERAS MONTEALEGRE,PARTIDO POLÍTICO LA FUERZA,741,0.1
CAUCA,19,Candidato,LUIS GILBERTO MURILLO URRUTIA,LA OPORTUNIDAD ES COLOMBIA,559,0.08
CAUCA,19,Candidato,CARLOS EDUARDO CAICEDO OMAR,CAICEDO,402,0.05
CAUCA,19,Candidato,GUSTAVO MATAMOROS CAMACHO,PARTIDO ECOLOGISTA COLOMBIANO,256,0.03
CAUCA,19,Escrutinio,Votos en blanco,,16433,2.42
CAUCA,19,Escrutinio,Votos nulos,,15568,2.23
CAUCA,19,Escrutinio,No marcados,,4058,0.58
CAUCA,19,Escrutinio,Abstención,,379146,35.23
CESAR,20,Candidato,IVÁN CEPEDA CASTRO,MOVIMIENTO POLÍTICO PACTO HISTÓRICO,224457,46.48
CESAR,20,Candidato,ABELARDO DE LA ESPRIELLA,DEFENSORES DE LA PATRIA,223840,46.35
CESAR,20,Candidato,PALOMA VALENCIA LASERNA,PARTIDO CENTRO DEMOCRÁTICO,11898,2.46
CESAR,20,Candidato,SERGIO FAJARDO VALDERRAMA,PARTIDO POLÍTICO DIGNIDAD & COMPROMISO,8174,1.69
CESAR,20,Candidato,RAÚL SANTIAGO BOTERO JARAMILLO,ROMPER EL SISTEMA,4033,0.83
CESAR,20,Candidato,CLAUDIA LÓPEZ,CON CLAUDIA IMPARABLES,1132,0.23
CESAR,20,Candidato,ÓSCAR MAURICIO LIZCANO ARANGO,COALICIÓN F.A.M.I.L.I.A,908,0.18
CESAR,20,Candidato,MIGUEL URIBE LONDOÑO,PARTIDO DEMÓCRATA COLOMBIANO,370,0.07
CESAR,20,Candidato,CARLOS EDUARDO CAICEDO OMAR,CAICEDO,319,0.06
CESAR,20,Candidato,SONDRA MACOLLINS GARVIN PINTO,"SONDRA MACOLLINS, LA ABOGADA DE HIERRO",241,0.04
CESAR,20,Candidato,ROY LEONARDO BARRERAS MONTEALEGRE,PARTIDO POLÍTICO LA FUERZA,173,0.03
CESAR,20,Candidato,LUIS GILBERTO MURILLO URRUTIA,LA OPORTUNIDAD ES COLOMBIA,121,0.02
CESAR,20,Candidato,GUSTAVO MATAMOROS CAMACHO,PARTIDO ECOLOGISTA COLOMBIANO,85,0.01
CESAR,20,Escrutinio,Votos en blanco,,7105,1.47
CESAR,20,Escrutinio,Votos nulos,,4679,0.95
CESAR,20,Escrutinio,No marcados,,1066,0.21
CESAR,20,Escrutinio,Abstención,,440538,47.41
CHOCO,27,Candidato,IVÁN CEPEDA CASTRO,MOVIMIENTO POLÍTICO PACTO HISTÓRICO,109148,75.67
CHOCO,27,Candidato,ABELARDO DE LA ESPRIELLA,DEFENSORES DE LA PATRIA,22782,15.79
CHOCO,27,Candidato,PALOMA VALENCIA LASERNA,PARTIDO CENTRO DEMOCRÁTICO,5640,3.91
CHOCO,27,Candidato,SERGIO FAJARDO VALDERRAMA,PARTIDO POLÍTICO DIGNIDAD & COMPROMISO,1203,0.83
CHOCO,27,Candidato,RAÚL SANTIAGO BOTERO JARAMILLO,ROMPER EL SISTEMA,983,0.68
CHOCO,27,Candidato,CLAUDIA LÓPEZ,CON CLAUDIA IMPARABLES,612,0.42
CHOCO,27,Candidato,ÓSCAR MAURICIO LIZCANO ARANGO,COALICIÓN F.A.M.I.L.I.A,343,0.23
CHOCO,27,Candidato,MIGUEL URIBE LONDOÑO,PARTIDO DEMÓCRATA COLOMBIANO,331,0.22
CHOCO,27,Candidato,LUIS GILBERTO MURILLO URRUTIA,LA OPORTUNIDAD ES COLOMBIA,268,0.18
CHOCO,27,Candidato,SONDRA MACOLLINS GARVIN PINTO,"SONDRA MACOLLINS, LA ABOGADA DE HIERRO",238,0.16
CHOCO,27,Candidato,ROY LEONARDO BARRERAS MONTEALEGRE,PARTIDO POLÍTICO LA FUERZA,203,0.14
CHOCO,27,Candidato,GUSTAVO MATAMOROS CAMACHO,PARTIDO ECOLOGISTA COLOMBIANO,107,0.07
CHOCO,27,Candidato,CARLOS EDUARDO CAICEDO OMAR,CAICEDO,106,0.07
CHOCO,27,Escrutinio,Votos en blanco,,2261,1.56
CHOCO,27,Escrutinio,Votos nulos,,2451,1.66
CHOCO,27,Escrutinio,No marcados,,580,0.39
CHOCO,27,Escrutinio,Abstención,,214538,59.29
CONSULADOS,100,Candidato,ABELARDO DE LA ESPRIELLA,DEFENSORES DE LA PATRIA,319988,54.36
CONSULADOS,100,Candidato,IVÁN CEPEDA CASTRO,MOVIMIENTO POLÍTICO PACTO HISTÓRICO,167526,28.46
CONSULADOS,100,Candidato,PALOMA VALENCIA LASERNA,PARTIDO CENTRO DEMOCRÁTICO,54549,9.26
CONSULADOS,100,Candidato,SERGIO FAJARDO VALDERRAMA,PARTIDO POLÍTICO DIGNIDAD & COMPROMISO,31666,5.38
CONSULADOS,100,Candidato,CLAUDIA LÓPEZ,CON CLAUDIA IMPARABLES,6286,1.06
CONSULADOS,100,Candidato,RAÚL SANTIAGO BOTERO JARAMILLO,ROMPER EL SISTEMA,2328,0.39
CONSULADOS,100,Candidato,SONDRA MACOLLINS GARVIN PINTO,"SONDRA MACOLLINS, LA ABOGADA DE HIERRO",352,0.05
CONSULADOS,100,Candidato,MIGUEL URIBE LONDOÑO,PARTIDO DEMÓCRATA COLOMBIANO,349,0.05
CONSULADOS,100,Candidato,ÓSCAR MAURICIO LIZCANO ARANGO,COALICIÓN F.A.M.I.L.I.A,321,0.05
CONSULADOS,100,Candidato,LUIS GILBERTO MURILLO URRUTIA,LA OPORTUNIDAD ES COLOMBIA,252,0.04
CONSULADOS,100,Candidato,ROY LEONARDO BARRERAS MONTEALEGRE,PARTIDO POLÍTICO LA FUERZA,171,0.02
CONSULADOS,100,Candidato,CARLOS EDUARDO CAICEDO OMAR,CAICEDO,171,0.02
CONSULADOS,100,Candidato,GUSTAVO MATAMOROS CAMACHO,PARTIDO ECOLOGISTA COLOMBIANO,85,0.01
CONSULADOS,100,Escrutinio,Votos en blanco,,4529,0.76
CONSULADOS,100,Escrutinio,Votos nulos,,1011,0.17
CONSULADOS,100,Escrutinio,No marcados,,245,0.04
CONSULADOS,100,Escrutinio,Abstención,,824832,58.3
CORDOBA,23,Candidato,IVÁN CEPEDA CASTRO,MOVIMIENTO POLÍTICO PACTO HISTÓRICO,391880,55.55
CORDOBA,23,Candidato,ABELARDO DE LA ESPRIELLA,DEFENSORES DE LA PATRIA,268604,38.07
CORDOBA,23,Candidato,PALOMA VALENCIA LASERNA,PARTIDO CENTRO DEMOCRÁTICO,19401,2.75
CORDOBA,23,Candidato,SERGIO FAJARDO VALDERRAMA,PARTIDO POLÍTICO DIGNIDAD & COMPROMISO,8325,1.18
CORDOBA,23,Candidato,RAÚL SANTIAGO BOTERO JARAMILLO,ROMPER EL SISTEMA,2925,0.41
CORDOBA,23,Candidato,CLAUDIA LÓPEZ,CON CLAUDIA IMPARABLES,1596,0.22
CORDOBA,23,Candidato,ÓSCAR MAURICIO LIZCANO ARANGO,COALICIÓN F.A.M.I.L.I.A,1206,0.17
CORDOBA,23,Candidato,MIGUEL URIBE LONDOÑO,PARTIDO DEMÓCRATA COLOMBIANO,527,0.07
CORDOBA,23,Candidato,SONDRA MACOLLINS GARVIN PINTO,"SONDRA MACOLLINS, LA ABOGADA DE HIERRO",463,0.06
CORDOBA,23,Candidato,ROY LEONARDO BARRERAS MONTEALEGRE,PARTIDO POLÍTICO LA FUERZA,333,0.04
CORDOBA,23,Candidato,CARLOS EDUARDO CAICEDO OMAR,CAICEDO,240,0.03
CORDOBA,23,Candidato,LUIS GILBERTO MURILLO URRUTIA,LA OPORTUNIDAD ES COLOMBIA,222,0.03
CORDOBA,23,Candidato,GUSTAVO MATAMOROS CAMACHO,PARTIDO ECOLOGISTA COLOMBIANO,105,0.01
CORDOBA,23,Escrutinio,Votos en blanco,,9605,1.36
CORDOBA,23,Escrutinio,Votos nulos,,4168,0.58
CORDOBA,23,Escrutinio,No marcados,,1971,0.27
CORDOBA,23,Escrutinio,Abstención,,683402,48.99
CUNDINAMARCA,25,Candidato,ABELARDO DE LA ESPRIELLA,DEFENSORES DE LA PATRIA,724083,45.22
CUNDINAMARCA,25,Candidato,IVÁN CEPEDA CASTRO,MOVIMIENTO POLÍTICO PACTO HISTÓRICO,600032,37.47
CUNDINAMARCA,25,Candidato,PALOMA VALENCIA LASERNA,PARTIDO CENTRO DEMOCRÁTICO,123140,7.69
CUNDINAMARCA,25,Candidato,SERGIO FAJARDO VALDERRAMA,PARTIDO POLÍTICO DIGNIDAD & COMPROMISO,71750,4.48
CUNDINAMARCA,25,Candidato,CLAUDIA LÓPEZ,CON CLAUDIA IMPARABLES,26925,1.68
CUNDINAMARCA,25,Candidato,RAÚL SANTIAGO BOTERO JARAMILLO,ROMPER EL SISTEMA,15499,0.96
CUNDINAMARCA,25,Candidato,ÓSCAR MAURICIO LIZCANO ARANGO,COALICIÓN F.A.M.I.L.I.A,2950,0.18
CUNDINAMARCA,25,Candidato,MIGUEL URIBE LONDOÑO,PARTIDO DEMÓCRATA COLOMBIANO,2392,0.14
CUNDINAMARCA,25,Candidato,SONDRA MACOLLINS GARVIN PINTO,"SONDRA MACOLLINS, LA ABOGADA DE HIERRO",1439,0.08
CUNDINAMARCA,25,Candidato,LUIS GILBERTO MURILLO URRUTIA,LA OPORTUNIDAD ES COLOMBIA,969,0.06
CUNDINAMARCA,25,Candidato,ROY LEONARDO BARRERAS MONTEALEGRE,PARTIDO POLÍTICO LA FUERZA,910,0.05
CUNDINAMARCA,25,Candidato,CARLOS EDUARDO CAICEDO OMAR,CAICEDO,686,0.04
CUNDINAMARCA,25,Candidato,GUSTAVO MATAMOROS CAMACHO,PARTIDO ECOLOGISTA COLOMBIANO,359,0.02
CUNDINAMARCA,25,Escrutinio,Votos en blanco,,29877,1.86
CUNDINAMARCA,25,Escrutinio,Votos nulos,,22430,1.37
CUNDINAMARCA,25,Escrutinio,No marcados,,2093,0.12
CUNDINAMARCA,25,Escrutinio,Abstención,,709771,30.39
GUAINIA,94,Candidato,IVÁN CEPEDA CASTRO,MOVIMIENTO POLÍTICO PACTO HISTÓRICO,6778,56.44
GUAINIA,94,Candidato,ABELARDO DE LA ESPRIELLA,DEFENSORES DE LA PATRIA,3722,30.99
GUAINIA,94,Candidato,PALOMA VALENCIA LASERNA,PARTIDO CENTRO DEMOCRÁTICO,688,5.72
GUAINIA,94,Candidato,SERGIO FAJARDO VALDERRAMA,PARTIDO POLÍTICO DIGNIDAD & COMPROMISO,188,1.56
GUAINIA,94,Candidato,RAÚL SANTIAGO BOTERO JARAMILLO,ROMPER EL SISTEMA,134,1.11
GUAINIA,94,Candidato,CLAUDIA LÓPEZ,CON CLAUDIA IMPARABLES,112,0.93
GUAINIA,94,Candidato,MIGUEL URIBE LONDOÑO,PARTIDO DEMÓCRATA COLOMBIANO,44,0.36
GUAINIA,94,Candidato,ÓSCAR MAURICIO LIZCANO ARANGO,COALICIÓN F.A.M.I.L.I.A,31,0.25
GUAINIA,94,Candidato,SONDRA MACOLLINS GARVIN PINTO,"SONDRA MACOLLINS, LA ABOGADA DE HIERRO",21,0.17
GUAINIA,94,Candidato,LUIS GILBERTO MURILLO URRUTIA,LA OPORTUNIDAD ES COLOMBIA,16,0.13
GUAINIA,94,Candidato,CARLOS EDUARDO CAICEDO OMAR,CAICEDO,14,0.11
GUAINIA,94,Candidato,ROY LEONARDO BARRERAS MONTEALEGRE,PARTIDO POLÍTICO LA FUERZA,10,0.08
GUAINIA,94,Candidato,GUSTAVO MATAMOROS CAMACHO,PARTIDO ECOLOGISTA COLOMBIANO,4,0.03
GUAINIA,94,Escrutinio,Votos en blanco,,247,2.05
GUAINIA,94,Escrutinio,Votos nulos,,82,0.67
GUAINIA,94,Escrutinio,No marcados,,43,0.35
GUAINIA,94,Escrutinio,Abstención,,24766,67.11
GUAVIARE,95,Candidato,ABELARDO DE LA ESPRIELLA,DEFENSORES DE LA PATRIA,16060,47.13
GUAVIARE,95,Candidato,IVÁN CEPEDA CASTRO,MOVIMIENTO POLÍTICO PACTO HISTÓRICO,12677,37.2
GUAVIARE,95,Candidato,PALOMA VALENCIA LASERNA,PARTIDO CENTRO DEMOCRÁTICO,2016,5.91
GUAVIARE,95,Candidato,SERGIO FAJARDO VALDERRAMA,PARTIDO POLÍTICO DIGNIDAD & COMPROMISO,835,2.45
GUAVIARE,95,Candidato,RAÚL SANTIAGO BOTERO JARAMILLO,ROMPER EL SISTEMA,754,2.21
GUAVIARE,95,Candidato,CLAUDIA LÓPEZ,CON CLAUDIA IMPARABLES,298,0.87
GUAVIARE,95,Candidato,ÓSCAR MAURICIO LIZCANO ARANGO,COALICIÓN F.A.M.I.L.I.A,90,0.26
GUAVIARE,95,Candidato,MIGUEL URIBE LONDOÑO,PARTIDO DEMÓCRATA COLOMBIANO,76,0.22
GUAVIARE,95,Candidato,SONDRA MACOLLINS GARVIN PINTO,"SONDRA MACOLLINS, LA ABOGADA DE HIERRO",45,0.13
GUAVIARE,95,Candidato,LUIS GILBERTO MURILLO URRUTIA,LA OPORTUNIDAD ES COLOMBIA,41,0.12
GUAVIARE,95,Candidato,ROY LEONARDO BARRERAS MONTEALEGRE,PARTIDO POLÍTICO LA FUERZA,33,0.09
GUAVIARE,95,Candidato,GUSTAVO MATAMOROS CAMACHO,PARTIDO ECOLOGISTA COLOMBIANO,20,0.05
GUAVIARE,95,Candidato,CARLOS EDUARDO CAICEDO OMAR,CAICEDO,16,0.04
GUAVIARE,95,Escrutinio,Votos en blanco,,1113,3.26
GUAVIARE,95,Escrutinio,Votos nulos,,725,2.07
GUAVIARE,95,Escrutinio,No marcados,,152,0.43
GUAVIARE,95,Escrutinio,Abstención,,34353,49.56
HUILA,41,Candidato,ABELARDO DE LA ESPRIELLA,DEFENSORES DE LA PATRIA,297613,54.24
HUILA,41,Candidato,IVÁN CEPEDA CASTRO,MOVIMIENTO POLÍTICO PACTO HISTÓRICO,176721,32.2
HUILA,41,Candidato,PALOMA VALENCIA LASERNA,PARTIDO CENTRO DEMOCRÁTICO,35802,6.52
HUILA,41,Candidato,SERGIO FAJARDO VALDERRAMA,PARTIDO POLÍTICO DIGNIDAD & COMPROMISO,14601,2.66
HUILA,41,Candidato,RAÚL SANTIAGO BOTERO JARAMILLO,ROMPER EL SISTEMA,6779,1.23
HUILA,41,Candidato,CLAUDIA LÓPEZ,CON CLAUDIA IMPARABLES,3357,0.61
HUILA,41,Candidato,ÓSCAR MAURICIO LIZCANO ARANGO,COALICIÓN F.A.M.I.L.I.A,1158,0.21
HUILA,41,Candidato,MIGUEL URIBE LONDOÑO,PARTIDO DEMÓCRATA COLOMBIANO,837,0.15
HUILA,41,Candidato,SONDRA MACOLLINS GARVIN PINTO,"SONDRA MACOLLINS, LA ABOGADA DE HIERRO",636,0.11
HUILA,41,Candidato,ROY LEONARDO BARRERAS MONTEALEGRE,PARTIDO POLÍTICO LA FUERZA,460,0.08
HUILA,41,Candidato,LUIS GILBERTO MURILLO URRUTIA,LA OPORTUNIDAD ES COLOMBIA,289,0.05
HUILA,41,Candidato,CARLOS EDUARDO CAICEDO OMAR,CAICEDO,277,0.05
HUILA,41,Candidato,GUSTAVO MATAMOROS CAMACHO,PARTIDO ECOLOGISTA COLOMBIANO,142,0.02
HUILA,41,Escrutinio,Votos en blanco,,10003,1.82
HUILA,41,Escrutinio,Votos nulos,,5939,1.06
HUILA,41,Escrutinio,No marcados,,1242,0.22
HUILA,41,Escrutinio,Abstención,,381883,40.72
LA GUAJIRA,44,Candidato,IVÁN CEPEDA CASTRO,MOVIMIENTO POLÍTICO PACTO HISTÓRICO,140544,55.29
LA GUAJIRA,44,Candidato,ABELARDO DE LA ESPRIELLA,DEFENSORES DE LA PATRIA,96625,38.01
LA GUAJIRA,44,Candidato,PALOMA VALENCIA LASERNA,PARTIDO CENTRO DEMOCRÁTICO,6212,2.44
LA GUAJIRA,44,Candidato,SERGIO FAJARDO VALDERRAMA,PARTIDO POLÍTICO DIGNIDAD & COMPROMISO,2946,1.15
LA GUAJIRA,44,Candidato,RAÚL SANTIAGO BOTERO JARAMILLO,ROMPER EL SISTEMA,1547,0.6
LA GUAJIRA,44,Candidato,CLAUDIA LÓPEZ,CON CLAUDIA IMPARABLES,674,0.26
LA GUAJIRA,44,Candidato,ÓSCAR MAURICIO LIZCANO ARANGO,COALICIÓN F.A.M.I.L.I.A,661,0.26
LA GUAJIRA,44,Candidato,MIGUEL URIBE LONDOÑO,PARTIDO DEMÓCRATA COLOMBIANO,300,0.11
LA GUAJIRA,44,Candidato,SONDRA MACOLLINS GARVIN PINTO,"SONDRA MACOLLINS, LA ABOGADA DE HIERRO",228,0.08
LA GUAJIRA,44,Candidato,CARLOS EDUARDO CAICEDO OMAR,CAICEDO,223,0.08
LA GUAJIRA,44,Candidato,ROY LEONARDO BARRERAS MONTEALEGRE,PARTIDO POLÍTICO LA FUERZA,190,0.07
LA GUAJIRA,44,Candidato,LUIS GILBERTO MURILLO URRUTIA,LA OPORTUNIDAD ES COLOMBIA,117,0.04
LA GUAJIRA,44,Candidato,GUSTAVO MATAMOROS CAMACHO,PARTIDO ECOLOGISTA COLOMBIANO,109,0.04
LA GUAJIRA,44,Escrutinio,Votos en blanco,,3816,1.5
LA GUAJIRA,44,Escrutinio,Votos nulos,,2534,0.98
LA GUAJIRA,44,Escrutinio,No marcados,,738,0.28
LA GUAJIRA,44,Escrutinio,Abstención,,451382,63.67
MAGDALENA,47,Candidato,IVÁN CEPEDA CASTRO,MOVIMIENTO POLÍTICO PACTO HISTÓRICO,263014,52.26
MAGDALENA,47,Candidato,ABELARDO DE LA ESPRIELLA,DEFENSORES DE LA PATRIA,197533,39.25
MAGDALENA,47,Candidato,PALOMA VALENCIA LASERNA,PARTIDO CENTRO DEMOCRÁTICO,18398,3.65
MAGDALENA,47,Candidato,SERGIO FAJARDO VALDERRAMA,PARTIDO POLÍTICO DIGNIDAD & COMPROMISO,7934,1.57
MAGDALENA,47,Candidato,RAÚL SANTIAGO BOTERO JARAMILLO,ROMPER EL SISTEMA,2679,0.53
MAGDALENA,47,Candidato,CARLOS EDUARDO CAICEDO OMAR,CAICEDO,2510,0.49
MAGDALENA,47,Candidato,CLAUDIA LÓPEZ,CON CLAUDIA IMPARABLES,1229,0.24
MAGDALENA,47,Candidato,ÓSCAR MAURICIO LIZCANO ARANGO,COALICIÓN F.A.M.I.L.I.A,917,0.18
MAGDALENA,47,Candidato,SONDRA MACOLLINS GARVIN PINTO,"SONDRA MACOLLINS, LA ABOGADA DE HIERRO",428,0.08
MAGDALENA,47,Candidato,MIGUEL URIBE LONDOÑO,PARTIDO DEMÓCRATA COLOMBIANO,420,0.08
MAGDALENA,47,Candidato,ROY LEONARDO BARRERAS MONTEALEGRE,PARTIDO POLÍTICO LA FUERZA,238,0.04
MAGDALENA,47,Candidato,LUIS GILBERTO MURILLO URRUTIA,LA OPORTUNIDAD ES COLOMBIA,213,0.04
MAGDALENA,47,Candidato,GUSTAVO MATAMOROS CAMACHO,PARTIDO ECOLOGISTA COLOMBIANO,121,0.02
MAGDALENA,47,Escrutinio,Votos en blanco,,7556,1.5
MAGDALENA,47,Escrutinio,Votos nulos,,3712,0.73
MAGDALENA,47,Escrutinio,No marcados,,1091,0.21
MAGDALENA,47,Escrutinio,Abstención,,581425,53.37
META,50,Candidato,ABELARDO DE LA ESPRIELLA,DEFENSORES DE LA PATRIA,280090,52.15
META,50,Candidato,IVÁN CEPEDA CASTRO,MOVIMIENTO POLÍTICO PACTO HISTÓRICO,174242,32.44
META,50,Candidato,PALOMA VALENCIA LASERNA,PARTIDO CENTRO DEMOCRÁTICO,36706,6.83
META,50,Candidato,SERGIO FAJARDO VALDERRAMA,PARTIDO POLÍTICO DIGNIDAD & COMPROMISO,17768,3.3
META,50,Candidato,RAÚL SANTIAGO BOTERO JARAMILLO,ROMPER EL SISTEMA,12364,2.3
META,50,Candidato,CLAUDIA LÓPEZ,CON CLAUDIA IMPARABLES,3236,0.6
META,50,Candidato,ÓSCAR MAURICIO LIZCANO ARANGO,COALICIÓN F.A.M.I.L.I.A,841,0.15
META,50,Candidato,MIGUEL URIBE LONDOÑO,PARTIDO DEMÓCRATA COLOMBIANO,661,0.12
META,50,Candidato,SONDRA MACOLLINS GARVIN PINTO,"SONDRA MACOLLINS, LA ABOGADA DE HIERRO",484,0.09
META,50,Candidato,LUIS GILBERTO MURILLO URRUTIA,LA OPORTUNIDAD ES COLOMBIA,356,0.06
META,50,Candidato,ROY LEONARDO BARRERAS MONTEALEGRE,PARTIDO POLÍTICO LA FUERZA,312,0.05
META,50,Candidato,CARLOS EDUARDO CAICEDO OMAR,CAICEDO,249,0.04
META,50,Candidato,GUSTAVO MATAMOROS CAMACHO,PARTIDO ECOLOGISTA COLOMBIANO,135,0.02
META,50,Escrutinio,Votos en blanco,,9549,1.77
META,50,Escrutinio,Votos nulos,,9000,1.64
META,50,Escrutinio,No marcados,,962,0.17
META,50,Escrutinio,Abstención,,307078,35.95
NARIÑO,52,Candidato,IVÁN CEPEDA CASTRO,MOVIMIENTO POLÍTICO PACTO HISTÓRICO,472845,68.54
NARIÑO,52,Candidato,ABELARDO DE LA ESPRIELLA,DEFENSORES DE LA PATRIA,148120,21.47
NARIÑO,52,Candidato,PALOMA VALENCIA LASERNA,PARTIDO CENTRO DEMOCRÁTICO,31353,4.54
NARIÑO,52,Candidato,SERGIO FAJARDO VALDERRAMA,PARTIDO POLÍTICO DIGNIDAD & COMPROMISO,13039,1.89
NARIÑO,52,Candidato,CLAUDIA LÓPEZ,CON CLAUDIA IMPARABLES,3918,0.56
NARIÑO,52,Candidato,RAÚL SANTIAGO BOTERO JARAMILLO,ROMPER EL SISTEMA,3526,0.51
NARIÑO,52,Candidato,ÓSCAR MAURICIO LIZCANO ARANGO,COALICIÓN F.A.M.I.L.I.A,1403,0.2
NARIÑO,52,Candidato,MIGUEL URIBE LONDOÑO,PARTIDO DEMÓCRATA COLOMBIANO,863,0.12
NARIÑO,52,Candidato,SONDRA MACOLLINS GARVIN PINTO,"SONDRA MACOLLINS, LA ABOGADA DE HIERRO",626,0.09
NARIÑO,52,Candidato,ROY LEONARDO BARRERAS MONTEALEGRE,PARTIDO POLÍTICO LA FUERZA,375,0.05
NARIÑO,52,Candidato,LUIS GILBERTO MURILLO URRUTIA,LA OPORTUNIDAD ES COLOMBIA,327,0.04
NARIÑO,52,Candidato,CARLOS EDUARDO CAICEDO OMAR,CAICEDO,303,0.04
NARIÑO,52,Candidato,GUSTAVO MATAMOROS CAMACHO,PARTIDO ECOLOGISTA COLOMBIANO,209,0.03
NARIÑO,52,Escrutinio,Votos en blanco,,12887,1.86
NARIÑO,52,Escrutinio,Votos nulos,,8986,1.28
NARIÑO,52,Escrutinio,No marcados,,2308,0.32
NARIÑO,52,Escrutinio,Abstención,,524477,42.79
NORTE DE SAN,54,Candidato,ABELARDO DE LA ESPRIELLA,DEFENSORES DE LA PATRIA,519161,70.61
NORTE DE SAN,54,Candidato,IVÁN CEPEDA CASTRO,MOVIMIENTO POLÍTICO PACTO HISTÓRICO,128091,17.42
NORTE DE SAN,54,Candidato,PALOMA VALENCIA LASERNA,PARTIDO CENTRO DEMOCRÁTICO,33319,4.53
NORTE DE SAN,54,Candidato,SERGIO FAJARDO VALDERRAMA,PARTIDO POLÍTICO DIGNIDAD & COMPROMISO,28757,3.91
NORTE DE SAN,54,Candidato,RAÚL SANTIAGO BOTERO JARAMILLO,ROMPER EL SISTEMA,11417,1.55
NORTE DE SAN,54,Candidato,CLAUDIA LÓPEZ,CON CLAUDIA IMPARABLES,2398,0.32
NORTE DE SAN,54,Candidato,ÓSCAR MAURICIO LIZCANO ARANGO,COALICIÓN F.A.M.I.L.I.A,953,0.12
NORTE DE SAN,54,Candidato,MIGUEL URIBE LONDOÑO,PARTIDO DEMÓCRATA COLOMBIANO,758,0.1
NORTE DE SAN,54,Candidato,SONDRA MACOLLINS GARVIN PINTO,"SONDRA MACOLLINS, LA ABOGADA DE HIERRO",520,0.07
NORTE DE SAN,54,Candidato,ROY LEONARDO BARRERAS MONTEALEGRE,PARTIDO POLÍTICO LA FUERZA,401,0.05
NORTE DE SAN,54,Candidato,CARLOS EDUARDO CAICEDO OMAR,CAICEDO,335,0.04
NORTE DE SAN,54,Candidato,LUIS GILBERTO MURILLO URRUTIA,LA OPORTUNIDAD ES COLOMBIA,247,0.03
NORTE DE SAN,54,Candidato,GUSTAVO MATAMOROS CAMACHO,PARTIDO ECOLOGISTA COLOMBIANO,146,0.01
NORTE DE SAN,54,Escrutinio,Votos en blanco,,8697,1.18
NORTE DE SAN,54,Escrutinio,Votos nulos,,5426,0.73
NORTE DE SAN,54,Escrutinio,No marcados,,1090,0.14
NORTE DE SAN,54,Escrutinio,Abstención,,627334,45.82
PUTUMAYO,86,Candidato,IVÁN CEPEDA CASTRO,MOVIMIENTO POLÍTICO PACTO HISTÓRICO,94416,71.36
PUTUMAYO,86,Candidato,ABELARDO DE LA ESPRIELLA,DEFENSORES DE LA PATRIA,25087,18.96
PUTUMAYO,86,Candidato,PALOMA VALENCIA LASERNA,PARTIDO CENTRO DEMOCRÁTICO,4414,3.33
PUTUMAYO,86,Candidato,SERGIO FAJARDO VALDERRAMA,PARTIDO POLÍTICO DIGNIDAD & COMPROMISO,2131,1.61
PUTUMAYO,86,Candidato,RAÚL SANTIAGO BOTERO JARAMILLO,ROMPER EL SISTEMA,1697,1.28
PUTUMAYO,86,Candidato,CLAUDIA LÓPEZ,CON CLAUDIA IMPARABLES,582,0.43
PUTUMAYO,86,Candidato,SONDRA MACOLLINS GARVIN PINTO,"SONDRA MACOLLINS, LA ABOGADA DE HIERRO",386,0.29
PUTUMAYO,86,Candidato,ÓSCAR MAURICIO LIZCANO ARANGO,COALICIÓN F.A.M.I.L.I.A,222,0.16
PUTUMAYO,86,Candidato,MIGUEL URIBE LONDOÑO,PARTIDO DEMÓCRATA COLOMBIANO,170,0.12
PUTUMAYO,86,Candidato,ROY LEONARDO BARRERAS MONTEALEGRE,PARTIDO POLÍTICO LA FUERZA,86,0.06
PUTUMAYO,86,Candidato,LUIS GILBERTO MURILLO URRUTIA,LA OPORTUNIDAD ES COLOMBIA,66,0.04
PUTUMAYO,86,Candidato,CARLOS EDUARDO CAICEDO OMAR,CAICEDO,57,0.04
PUTUMAYO,86,Candidato,GUSTAVO MATAMOROS CAMACHO,PARTIDO ECOLOGISTA COLOMBIANO,50,0.03
PUTUMAYO,86,Escrutinio,Votos en blanco,,2937,2.21
PUTUMAYO,86,Escrutinio,Votos nulos,,1702,1.26
PUTUMAYO,86,Escrutinio,No marcados,,491,0.36
PUTUMAYO,86,Escrutinio,Abstención,,128956,48.94
QUINDIO,63,Candidato,ABELARDO DE LA ESPRIELLA,DEFENSORES DE LA PATRIA,142586,48.57
QUINDIO,63,Candidato,IVÁN CEPEDA CASTRO,MOVIMIENTO POLÍTICO PACTO HISTÓRICO,94337,32.13
QUINDIO,63,Candidato,PALOMA VALENCIA LASERNA,PARTIDO CENTRO DEMOCRÁTICO,27539,9.38
QUINDIO,63,Candidato,SERGIO FAJARDO VALDERRAMA,PARTIDO POLÍTICO DIGNIDAD & COMPROMISO,15663,5.33
QUINDIO,63,Candidato,RAÚL SANTIAGO BOTERO JARAMILLO,ROMPER EL SISTEMA,3642,1.24
QUINDIO,63,Candidato,CLAUDIA LÓPEZ,CON CLAUDIA IMPARABLES,2369,0.8
QUINDIO,63,Candidato,ÓSCAR MAURICIO LIZCANO ARANGO,COALICIÓN F.A.M.I.L.I.A,535,0.18
QUINDIO,63,Candidato,MIGUEL URIBE LONDOÑO,PARTIDO DEMÓCRATA COLOMBIANO,440,0.14
QUINDIO,63,Candidato,SONDRA MACOLLINS GARVIN PINTO,"SONDRA MACOLLINS, LA ABOGADA DE HIERRO",261,0.08
QUINDIO,63,Candidato,ROY LEONARDO BARRERAS MONTEALEGRE,PARTIDO POLÍTICO LA FUERZA,219,0.07
QUINDIO,63,Candidato,LUIS GILBERTO MURILLO URRUTIA,LA OPORTUNIDAD ES COLOMBIA,188,0.06
QUINDIO,63,Candidato,CARLOS EDUARDO CAICEDO OMAR,CAICEDO,107,0.03
QUINDIO,63,Candidato,GUSTAVO MATAMOROS CAMACHO,PARTIDO ECOLOGISTA COLOMBIANO,67,0.02
QUINDIO,63,Escrutinio,Votos en blanco,,5601,1.9
QUINDIO,63,Escrutinio,Votos nulos,,4728,1.58
QUINDIO,63,Escrutinio,No marcados,,666,0.22
QUINDIO,63,Escrutinio,Abstención,,205986,40.79
RISARALDA,66,Candidato,ABELARDO DE LA ESPRIELLA,DEFENSORES DE LA PATRIA,226277,44.72
RISARALDA,66,Candidato,IVÁN CEPEDA CASTRO,MOVIMIENTO POLÍTICO PACTO HISTÓRICO,182268,36.02
RISARALDA,66,Candidato,PALOMA VALENCIA LASERNA,PARTIDO CENTRO DEMOCRÁTICO,44561,8.8
RISARALDA,66,Candidato,SERGIO FAJARDO VALDERRAMA,PARTIDO POLÍTICO DIGNIDAD & COMPROMISO,26474,5.23
RISARALDA,66,Candidato,RAÚL SANTIAGO BOTERO JARAMILLO,ROMPER EL SISTEMA,6944,1.37
RISARALDA,66,Candidato,CLAUDIA LÓPEZ,CON CLAUDIA IMPARABLES,5041,0.99
RISARALDA,66,Candidato,ÓSCAR MAURICIO LIZCANO ARANGO,COALICIÓN F.A.M.I.L.I.A,1389,0.27
RISARALDA,66,Candidato,MIGUEL URIBE LONDOÑO,PARTIDO DEMÓCRATA COLOMBIANO,832,0.16
RISARALDA,66,Candidato,SONDRA MACOLLINS GARVIN PINTO,"SONDRA MACOLLINS, LA ABOGADA DE HIERRO",540,0.1
RISARALDA,66,Candidato,LUIS GILBERTO MURILLO URRUTIA,LA OPORTUNIDAD ES COLOMBIA,405,0.08
RISARALDA,66,Candidato,ROY LEONARDO BARRERAS MONTEALEGRE,PARTIDO POLÍTICO LA FUERZA,355,0.07
RISARALDA,66,Candidato,CARLOS EDUARDO CAICEDO OMAR,CAICEDO,268,0.05
RISARALDA,66,Candidato,GUSTAVO MATAMOROS CAMACHO,PARTIDO ECOLOGISTA COLOMBIANO,130,0.02
RISARALDA,66,Escrutinio,Votos en blanco,,10457,2.06
RISARALDA,66,Escrutinio,Votos nulos,,8216,1.59
RISARALDA,66,Escrutinio,No marcados,,1522,0.29
RISARALDA,66,Escrutinio,Abstención,,363150,41.32
SAN ANDRES,88,Candidato,IVÁN CEPEDA CASTRO,MOVIMIENTO POLÍTICO PACTO HISTÓRICO,7936,44.08
SAN ANDRES,88,Candidato,ABELARDO DE LA ESPRIELLA,DEFENSORES DE LA PATRIA,7793,43.29
SAN ANDRES,88,Candidato,PALOMA VALENCIA LASERNA,PARTIDO CENTRO DEMOCRÁTICO,826,4.58
SAN ANDRES,88,Candidato,SERGIO FAJARDO VALDERRAMA,PARTIDO POLÍTICO DIGNIDAD & COMPROMISO,535,2.97
SAN ANDRES,88,Candidato,CLAUDIA LÓPEZ,CON CLAUDIA IMPARABLES,70,0.38
SAN ANDRES,88,Candidato,RAÚL SANTIAGO BOTERO JARAMILLO,ROMPER EL SISTEMA,52,0.28
SAN ANDRES,88,Candidato,ÓSCAR MAURICIO LIZCANO ARANGO,COALICIÓN F.A.M.I.L.I.A,31,0.17
SAN ANDRES,88,Candidato,ROY LEONARDO BARRERAS MONTEALEGRE,PARTIDO POLÍTICO LA FUERZA,23,0.12
SAN ANDRES,88,Candidato,MIGUEL URIBE LONDOÑO,PARTIDO DEMÓCRATA COLOMBIANO,22,0.12
SAN ANDRES,88,Candidato,LUIS GILBERTO MURILLO URRUTIA,LA OPORTUNIDAD ES COLOMBIA,18,0.1
SAN ANDRES,88,Candidato,SONDRA MACOLLINS GARVIN PINTO,"SONDRA MACOLLINS, LA ABOGADA DE HIERRO",12,0.06
SAN ANDRES,88,Candidato,CARLOS EDUARDO CAICEDO OMAR,CAICEDO,11,0.06
SAN ANDRES,88,Candidato,GUSTAVO MATAMOROS CAMACHO,PARTIDO ECOLOGISTA COLOMBIANO,2,0.01
SAN ANDRES,88,Escrutinio,Votos en blanco,,669,3.71
SAN ANDRES,88,Escrutinio,Votos nulos,,86,0.47
SAN ANDRES,88,Escrutinio,No marcados,,31,0.17
SAN ANDRES,88,Escrutinio,Abstención,,35673,66.31
SANTANDER,68,Candidato,ABELARDO DE LA ESPRIELLA,DEFENSORES DE LA PATRIA,684563,57.09
SANTANDER,68,Candidato,IVÁN CEPEDA CASTRO,MOVIMIENTO POLÍTICO PACTO HISTÓRICO,343998,28.68
SANTANDER,68,Candidato,PALOMA VALENCIA LASERNA,PARTIDO CENTRO DEMOCRÁTICO,76706,6.39
SANTANDER,68,Candidato,SERGIO FAJARDO VALDERRAMA,PARTIDO POLÍTICO DIGNIDAD & COMPROMISO,47252,3.94
SANTANDER,68,Candidato,RAÚL SANTIAGO BOTERO JARAMILLO,ROMPER EL SISTEMA,16760,1.39
SANTANDER,68,Candidato,CLAUDIA LÓPEZ,CON CLAUDIA IMPARABLES,6462,0.53
SANTANDER,68,Candidato,ÓSCAR MAURICIO LIZCANO ARANGO,COALICIÓN F.A.M.I.L.I.A,1510,0.12
SANTANDER,68,Candidato,MIGUEL URIBE LONDOÑO,PARTIDO DEMÓCRATA COLOMBIANO,1305,0.1
SANTANDER,68,Candidato,SONDRA MACOLLINS GARVIN PINTO,"SONDRA MACOLLINS, LA ABOGADA DE HIERRO",808,0.06
SANTANDER,68,Candidato,LUIS GILBERTO MURILLO URRUTIA,LA OPORTUNIDAD ES COLOMBIA,510,0.04
SANTANDER,68,Candidato,ROY LEONARDO BARRERAS MONTEALEGRE,PARTIDO POLÍTICO LA FUERZA,503,0.04
SANTANDER,68,Candidato,CARLOS EDUARDO CAICEDO OMAR,CAICEDO,453,0.03
SANTANDER,68,Candidato,GUSTAVO MATAMOROS CAMACHO,PARTIDO ECOLOGISTA COLOMBIANO,213,0.01
SANTANDER,68,Escrutinio,Votos en blanco,,17988,1.5
SANTANDER,68,Escrutinio,Votos nulos,,10100,0.83
SANTANDER,68,Escrutinio,No marcados,,1549,0.12
SANTANDER,68,Escrutinio,Abstención,,651252,34.97
SUCRE,70,Candidato,IVÁN CEPEDA CASTRO,MOVIMIENTO POLÍTICO PACTO HISTÓRICO,226644,56.59
SUCRE,70,Candidato,ABELARDO DE LA ESPRIELLA,DEFENSORES DE LA PATRIA,145696,36.38
SUCRE,70,Candidato,PALOMA VALENCIA LASERNA,PARTIDO CENTRO DEMOCRÁTICO,14294,3.56
SUCRE,70,Candidato,SERGIO FAJARDO VALDERRAMA,PARTIDO POLÍTICO DIGNIDAD & COMPROMISO,4355,1.08
SUCRE,70,Candidato,RAÚL SANTIAGO BOTERO JARAMILLO,ROMPER EL SISTEMA,1642,0.41
SUCRE,70,Candidato,CLAUDIA LÓPEZ,CON CLAUDIA IMPARABLES,856,0.21
SUCRE,70,Candidato,ÓSCAR MAURICIO LIZCANO ARANGO,COALICIÓN F.A.M.I.L.I.A,569,0.14
SUCRE,70,Candidato,SONDRA MACOLLINS GARVIN PINTO,"SONDRA MACOLLINS, LA ABOGADA DE HIERRO",388,0.09
SUCRE,70,Candidato,MIGUEL URIBE LONDOÑO,PARTIDO DEMÓCRATA COLOMBIANO,366,0.09
SUCRE,70,Candidato,ROY LEONARDO BARRERAS MONTEALEGRE,PARTIDO POLÍTICO LA FUERZA,261,0.06
SUCRE,70,Candidato,CARLOS EDUARDO CAICEDO OMAR,CAICEDO,152,0.03
SUCRE,70,Candidato,LUIS GILBERTO MURILLO URRUTIA,LA OPORTUNIDAD ES COLOMBIA,150,0.03
SUCRE,70,Candidato,GUSTAVO MATAMOROS CAMACHO,PARTIDO ECOLOGISTA COLOMBIANO,72,0.01
SUCRE,70,Escrutinio,Votos en blanco,,5033,1.25
SUCRE,70,Escrutinio,Votos nulos,,2682,0.66
SUCRE,70,Escrutinio,No marcados,,1145,0.28
SUCRE,70,Escrutinio,Abstención,,356928,46.88
TOLIMA,73,Candidato,ABELARDO DE LA ESPRIELLA,DEFENSORES DE LA PATRIA,315181,46.88
TOLIMA,73,Candidato,IVÁN CEPEDA CASTRO,MOVIMIENTO POLÍTICO PACTO HISTÓRICO,235730,35.06
TOLIMA,73,Candidato,PALOMA VALENCIA LASERNA,PARTIDO CENTRO DEMOCRÁTICO,70911,10.54
TOLIMA,73,Candidato,SERGIO FAJARDO VALDERRAMA,PARTIDO POLÍTICO DIGNIDAD & COMPROMISO,20298,3.01
TOLIMA,73,Candidato,RAÚL SANTIAGO BOTERO JARAMILLO,ROMPER EL SISTEMA,8269,1.23
TOLIMA,73,Candidato,CLAUDIA LÓPEZ,CON CLAUDIA IMPARABLES,4880,0.72
TOLIMA,73,Candidato,ÓSCAR MAURICIO LIZCANO ARANGO,COALICIÓN F.A.M.I.L.I.A,1475,0.21
TOLIMA,73,Candidato,MIGUEL URIBE LONDOÑO,PARTIDO DEMÓCRATA COLOMBIANO,1310,0.19
TOLIMA,73,Candidato,SONDRA MACOLLINS GARVIN PINTO,"SONDRA MACOLLINS, LA ABOGADA DE HIERRO",760,0.11
TOLIMA,73,Candidato,ROY LEONARDO BARRERAS MONTEALEGRE,PARTIDO POLÍTICO LA FUERZA,621,0.09
TOLIMA,73,Candidato,LUIS GILBERTO MURILLO URRUTIA,LA OPORTUNIDAD ES COLOMBIA,458,0.06
TOLIMA,73,Candidato,CARLOS EDUARDO CAICEDO OMAR,CAICEDO,370,0.05
TOLIMA,73,Candidato,GUSTAVO MATAMOROS CAMACHO,PARTIDO ECOLOGISTA COLOMBIANO,190,0.02
TOLIMA,73,Escrutinio,Votos en blanco,,11758,1.74
TOLIMA,73,Escrutinio,Votos nulos,,9281,1.35
TOLIMA,73,Escrutinio,No marcados,,1757,0.25
TOLIMA,73,Escrutinio,Abstención,,487452,41.63
VALLE,76,Candidato,IVÁN CEPEDA CASTRO,MOVIMIENTO POLÍTICO PACTO HISTÓRICO,1119914,53.17
VALLE,76,Candidato,ABELARDO DE LA ESPRIELLA,DEFENSORES DE LA PATRIA,710909,33.75
VALLE,76,Candidato,PALOMA VALENCIA LASERNA,PARTIDO CENTRO DEMOCRÁTICO,118541,5.62
VALLE,76,Candidato,SERGIO FAJARDO VALDERRAMA,PARTIDO POLÍTICO DIGNIDAD & COMPROMISO,77283,3.66
VALLE,76,Candidato,RAÚL SANTIAGO BOTERO JARAMILLO,ROMPER EL SISTEMA,15406,0.73
VALLE,76,Candidato,CLAUDIA LÓPEZ,CON CLAUDIA IMPARABLES,12664,0.6
VALLE,76,Candidato,ÓSCAR MAURICIO LIZCANO ARANGO,COALICIÓN F.A.M.I.L.I.A,3227,0.15
VALLE,76,Candidato,MIGUEL URIBE LONDOÑO,PARTIDO DEMÓCRATA COLOMBIANO,2085,0.09
VALLE,76,Candidato,SONDRA MACOLLINS GARVIN PINTO,"SONDRA MACOLLINS, LA ABOGADA DE HIERRO",1734,0.08
VALLE,76,Candidato,LUIS GILBERTO MURILLO URRUTIA,LA OPORTUNIDAD ES COLOMBIA,1560,0.07
VALLE,76,Candidato,ROY LEONARDO BARRERAS MONTEALEGRE,PARTIDO POLÍTICO LA FUERZA,1522,0.07
VALLE,76,Candidato,CARLOS EDUARDO CAICEDO OMAR,CAICEDO,825,0.03
VALLE,76,Candidato,GUSTAVO MATAMOROS CAMACHO,PARTIDO ECOLOGISTA COLOMBIANO,534,0.02
VALLE,76,Escrutinio,Votos en blanco,,39997,1.89
VALLE,76,Escrutinio,Votos nulos,,23275,1.09
VALLE,76,Escrutinio,No marcados,,3761,0.17
VALLE,76,Escrutinio,Abstención,,1659953,43.76
VAUPES,97,Candidato,IVÁN CEPEDA CASTRO,MOVIMIENTO POLÍTICO PACTO HISTÓRICO,6932,75.52
VAUPES,97,Candidato,ABELARDO DE LA ESPRIELLA,DEFENSORES DE LA PATRIA,1379,15.02
VAUPES,97,Candidato,PALOMA VALENCIA LASERNA,PARTIDO CENTRO DEMOCRÁTICO,344,3.74
VAUPES,97,Candidato,SERGIO FAJARDO VALDERRAMA,PARTIDO POLÍTICO DIGNIDAD & COMPROMISO,147,1.6
VAUPES,97,Candidato,CLAUDIA LÓPEZ,CON CLAUDIA IMPARABLES,69,0.75
VAUPES,97,Candidato,ÓSCAR MAURICIO LIZCANO ARANGO,COALICIÓN F.A.M.I.L.I.A,53,0.57
VAUPES,97,Candidato,RAÚL SANTIAGO BOTERO JARAMILLO,ROMPER EL SISTEMA,52,0.56
VAUPES,97,Candidato,ROY LEONARDO BARRERAS MONTEALEGRE,PARTIDO POLÍTICO LA FUERZA,17,0.18
VAUPES,97,Candidato,MIGUEL URIBE LONDOÑO,PARTIDO DEMÓCRATA COLOMBIANO,16,0.17
VAUPES,97,Candidato,SONDRA MACOLLINS GARVIN PINTO,"SONDRA MACOLLINS, LA ABOGADA DE HIERRO",12,0.13
VAUPES,97,Candidato,GUSTAVO MATAMOROS CAMACHO,PARTIDO ECOLOGISTA COLOMBIANO,8,0.08
VAUPES,97,Candidato,LUIS GILBERTO MURILLO URRUTIA,LA OPORTUNIDAD ES COLOMBIA,5,0.05
VAUPES,97,Candidato,CARLOS EDUARDO CAICEDO OMAR,CAICEDO,3,0.03
VAUPES,97,Escrutinio,Votos en blanco,,141,1.53
VAUPES,97,Escrutinio,Votos nulos,,46,0.49
VAUPES,97,Escrutinio,No marcados,,30,0.32
VAUPES,97,Escrutinio,Abstención,,16856,64.55
VICHADA,99,Candidato,IVÁN CEPEDA CASTRO,MOVIMIENTO POLÍTICO PACTO HISTÓRICO,9769,45.84
VICHADA,99,Candidato,ABELARDO DE LA ESPRIELLA,DEFENSORES DE LA PATRIA,9334,43.8
VICHADA,99,Candidato,PALOMA VALENCIA LASERNA,PARTIDO CENTRO DEMOCRÁTICO,954,4.47
VICHADA,99,Candidato,RAÚL SANTIAGO BOTERO JARAMILLO,ROMPER EL SISTEMA,312,1.46
VICHADA,99,Candidato,SERGIO FAJARDO VALDERRAMA,PARTIDO POLÍTICO DIGNIDAD & COMPROMISO,293,1.37
VICHADA,99,Candidato,CLAUDIA LÓPEZ,CON CLAUDIA IMPARABLES,92,0.43
VICHADA,99,Candidato,ÓSCAR MAURICIO LIZCANO ARANGO,COALICIÓN F.A.M.I.L.I.A,70,0.32
VICHADA,99,Candidato,MIGUEL URIBE LONDOÑO,PARTIDO DEMÓCRATA COLOMBIANO,35,0.16
VICHADA,99,Candidato,ROY LEONARDO BARRERAS MONTEALEGRE,PARTIDO POLÍTICO LA FUERZA,35,0.16
VICHADA,99,Candidato,CARLOS EDUARDO CAICEDO OMAR,CAICEDO,29,0.13
VICHADA,99,Candidato,SONDRA MACOLLINS GARVIN PINTO,"SONDRA MACOLLINS, LA ABOGADA DE HIERRO",25,0.11
VICHADA,99,Candidato,LUIS GILBERTO MURILLO URRUTIA,LA OPORTUNIDAD ES COLOMBIA,19,0.08
VICHADA,99,Candidato,GUSTAVO MATAMOROS CAMACHO,PARTIDO ECOLOGISTA COLOMBIANO,6,0.02
VICHADA,99,Escrutinio,Votos en blanco,,334,1.56
VICHADA,99,Escrutinio,Votos nulos,,169,0.78
VICHADA,99,Escrutinio,No marcados,,95,0.44
VICHADA,99,Escrutinio,Abstención,,35784,62.39
