"iso","alert__year","alert__week","alert__count","confidence__cat"
"COL",2013,31,98,"h"
"COL",2023,29,56,"h"
"COL",2016,47,4,"h"
"COL",2017,33,50,"h"
"COL",2019,42,9,"h"
"COL",2022,44,21,"h"
"COL",2012,14,3,"h"
"COL",2022,7,528,"h"
"COL",2025,33,11,"h"
"COL",2018,2,55,"h"
"COL",2013,48,32,"h"
"COL",2024,52,23,"h"
"COL",2013,33,35,"h"
"COL",2026,17,5,"h"
"COL",2018,5,293,"h"
"COL",2015,22,1,"h"
"COL",2025,42,11,"h"
"COL",2020,15,20,"h"
"COL",2016,15,121,"h"
"COL",2019,31,53,"h"
"COL",2013,10,168,"h"
"COL",2020,53,38,"h"
"COL",2025,31,22,"h"
"COL",2024,26,11,"h"
"COL",2025,39,43,"h"
"COL",2023,37,27,"h"
"COL",2019,43,6,"h"
"COL",2025,22,10,"h"
"COL",2018,21,1,"h"
"COL",2021,43,3,"h"
"COL",2018,42,17,"h"
"COL",2012,18,9,"h"
"COL",2012,44,27,"h"
"COL",2021,6,118,"h"
"COL",2024,10,369,"h"
"COL",2025,21,1,"h"
"COL",2016,5,544,"h"
"COL",2021,10,142,"h"
"COL",2026,29,30,"h"
"COL",2014,36,33,"h"
"COL",2020,48,1,"h"
"COL",2025,7,330,"h"
"COL",2016,49,20,"h"
"COL",2022,19,3,"h"
"COL",2014,47,25,"h"
"COL",2023,38,27,"h"
"COL",2021,44,23,"h"
"COL",2024,13,281,"h"
"COL",2025,17,10,"h"
"COL",2014,50,23,"h"
"COL",2014,43,2,"h"
"COL",2020,25,5,"h"
"COL",2024,38,35,"h"
"COL",2021,3,129,"h"
"COL",2016,38,29,"h"
"COL",2012,49,48,"h"
"COL",2023,48,47,"h"
"COL",2023,49,70,"h"
"COL",2022,47,58,"h"
"COL",2021,36,15,"h"
"COL",2021,15,8,"h"
"COL",2013,43,19,"h"
"COL",2020,21,9,"h"
"COL",2018,18,2,"h"
"COL",2022,6,101,"h"
"COL",2015,25,23,"h"
"COL",2024,46,6,"h"
"COL",2016,51,38,"h"
"COL",2013,3,232,"h"
"COL",2015,52,66,"h"
"COL",2023,17,18,"h"
"COL",2015,20,21,"h"
"COL",2019,46,6,"h"
"COL",2020,37,34,"h"
"COL",2026,25,9,"h"
"COL",2021,49,56,"h"
"COL",2025,26,7,"h"
"COL",2023,11,336,"h"
"COL",2026,28,9,"h"
"COL",2012,17,6,"h"
"COL",2025,45,11,"h"
"COL",2020,13,681,"h"
"COL",2013,9,131,"h"
"COL",2014,20,9,"h"
"COL",2026,10,159,"h"
"COL",2016,24,3,"h"
"COL",2018,27,11,"h"
"COL",2017,31,51,"h"
"COL",2017,26,1,"h"
"COL",2020,26,4,"h"
"COL",2019,45,12,"h"
"COL",2021,12,104,"h"
"COL",2026,13,144,"h"
"COL",2026,20,6,"h"
"COL",2021,22,1,"h"
"COL",2021,40,5,"h"
"COL",2013,52,98,"h"
"COL",2015,5,106,"h"
"COL",2018,24,11,"h"
"COL",2012,31,45,"h"
"COL",2013,24,3,"h"
"COL",2016,35,14,"h"
"COL",2025,36,10,"h"
"COL",2021,11,67,"h"
"COL",2025,48,16,"h"
"COL",2018,48,38,"h"
"COL",2020,27,5,"h"
"COL",2020,1,161,"h"
"COL",2026,26,20,"h"
"COL",2019,4,175,"h"
"COL",2021,8,121,"h"
"COL",2022,43,3,"h"
"COL",2013,20,4,"h"
"COL",2018,7,376,"h"
"COL",2021,21,5,"h"
"COL",2017,12,33,"h"
"COL",2022,24,5,"h"
"COL",2015,51,18,"h"
"COL",2022,5,708,"h"
"COL",2016,50,40,"h"
"COL",2026,2,31,"h"
"COL",2017,19,1,"h"
"COL",2018,30,19,"h"
"COL",2024,7,178,"h"
"COL",2025,25,5,"h"
"COL",2026,16,15,"h"
"COL",2026,31,54,"h"
"COL",2022,18,32,"h"
"COL",2020,35,10,"h"
"COL",2013,12,66,"h"
"COL",2022,48,35,"h"
"COL",2012,50,62,"h"
"COL",2019,21,1,"h"
"COL",2014,10,353,"h"
"COL",2026,30,25,"h"
"COL",2016,19,2,"h"
"COL",2016,18,8,"h"
"COL",2025,46,2,"h"
"COL",2026,18,9,"h"
"COL",2018,19,5,"h"
"COL",2024,39,22,"h"
"COL",2012,6,97,"h"
"COL",2020,8,324,"h"
"COL",2015,47,27,"h"
"COL",2014,16,19,"h"
"COL",2024,21,1,"h"
"COL",2013,37,25,"h"
"COL",2025,23,3,"h"
"COL",2020,4,96,"h"
"COL",2023,51,32,"h"
"COL",2021,45,59,"h"
"COL",2022,37,20,"h"
"COL",2025,11,171,"h"
"COL",2020,38,19,"h"
"COL",2025,51,76,"h"
"COL",2019,3,146,"h"
"COL",2018,37,13,"h"
"COL",2016,26,9,"h"
"COL",2024,14,50,"h"
"COL",2017,34,19,"h"
"COL",2012,40,31,"h"
"COL",2024,48,31,"h"
"COL",2023,21,3,"h"
"COL",2019,30,17,"h"
"COL",2013,26,7,"h"
"COL",2021,28,27,"h"
"COL",2012,42,3,"h"
"COL",2025,49,17,"h"
"COL",2021,2,81,"h"
"COL",2026,32,23,"h"
"COL",2018,49,67,"h"
"COL",2016,33,69,"h"
"COL",2013,11,143,"h"
"COL",2022,23,4,"h"
"COL",2025,18,8,"h"
"COL",2020,33,7,"h"
"COL",2020,36,28,"h"
"COL",2014,19,6,"h"
"COL",2013,23,7,"h"
"COL",2017,32,34,"h"
"COL",2025,38,31,"h"
"COL",2014,7,657,"h"
"COL",2019,14,318,"h"
"COL",2021,26,7,"h"
"COL",2012,16,14,"h"
"COL",2024,32,24,"h"
"COL",2024,29,11,"h"
"COL",2013,5,533,"h"
"COL",2016,16,8,"h"
"COL",2021,32,23,"h"
"COL",2019,5,129,"h"
"COL",2014,3,153,"h"
"COL",2013,4,221,"h"
"COL",2018,43,3,"h"
"COL",2012,34,68,"h"
"COL",2018,15,62,"h"
"COL",2025,24,7,"h"
"COL",2024,3,185,"h"
"COL",2021,17,1,"h"
"COL",2021,47,9,"h"
"COL",2015,18,46,"h"
"COL",2019,11,516,"h"
"COL",2017,52,90,"h"
"COL",2015,10,573,"h"
"COL",2022,14,46,"h"
"COL",2013,14,109,"h"
"COL",2018,44,4,"h"
"COL",2016,11,382,"h"
"COL",2020,41,14,"h"
"COL",2023,4,334,"h"
"COL",2016,8,452,"h"
"COL",2022,11,203,"h"
"COL",2025,29,35,"h"
"COL",2012,10,484,"h"
"COL",2013,47,15,"h"
"COL",2017,43,4,"h"
"COL",2019,17,6,"h"
"COL",2022,45,4,"h"
"COL",2023,45,1,"h"
"COL",2015,44,23,"h"
"COL",2013,13,114,"h"
"COL",2015,41,23,"h"
"COL",2019,29,26,"h"
"COL",2012,46,9,"h"
"COL",2015,31,44,"h"
"COL",2024,50,46,"h"
"COL",2023,14,142,"h"
"COL",2020,51,26,"h"
"COL",2013,17,33,"h"
"COL",2024,5,79,"h"
"COL",2017,13,78,"h"
"COL",2014,46,1,"h"
"COL",2023,13,165,"h"
"COL",2021,19,8,"h"
"COL",2017,4,145,"h"
"COL",2015,49,20,"h"
"COL",2021,34,10,"h"
"COL",2022,10,171,"h"
"COL",2016,39,28,"h"
"COL",2015,38,116,"h"
"COL",2013,46,19,"h"
"COL",2016,52,42,"h"
"COL",2026,19,39,"h"
"COL",2017,37,10,"h"
"COL",2023,18,56,"h"
"COL",2016,45,11,"h"
"COL",2016,40,18,"h"
"COL",2024,44,11,"h"
"COL",2025,30,5,"h"
"COL",2020,3,87,"h"
"COL",2020,50,21,"h"
"COL",2012,7,552,"h"
"COL",2018,51,124,"h"
"COL",2017,2,53,"h"
"COL",2019,35,67,"h"
"COL",2022,36,19,"h"
"COL",2017,14,177,"h"
"COL",2014,27,11,"h"
"COL",2016,12,624,"h"
"COL",2020,44,20,"h"
"COL",2020,49,4,"h"
"COL",2012,36,45,"h"
"COL",2015,26,27,"h"
"COL",2012,20,5,"h"
"COL",2023,6,65,"h"
"COL",2013,50,14,"h"
"COL",2013,28,25,"h"
"COL",2012,33,40,"h"
"COL",2020,10,811,"h"
"COL",2012,15,15,"h"
"COL",2014,8,539,"h"
"COL",2023,35,38,"h"
"COL",2021,42,10,"h"
"COL",2022,49,43,"h"
"COL",2023,5,563,"h"
"COL",2013,16,1,"h"
"COL",2022,16,13,"h"
"COL",2020,28,9,"h"
"COL",2014,28,30,"h"
"COL",2017,20,8,"h"
"COL",2017,15,11,"h"
"COL",2023,8,620,"h"
"COL",2025,14,11,"h"
"COL",2020,31,46,"h"
"COL",2019,7,235,"h"
"COL",2017,42,10,"h"
"COL",2025,43,11,"h"
"COL",2026,8,33,"h"
"COL",2019,32,48,"h"
"COL",2023,33,42,"h"
"COL",2023,46,23,"h"
"COL",2017,40,14,"h"
"COL",2015,1,78,"h"
"COL",2024,33,73,"h"
"COL",2014,33,60,"h"
"COL",2013,25,10,"h"
"COL",2012,12,71,"h"
"COL",2013,8,391,"h"
"COL",2020,34,7,"h"
"COL",2024,9,295,"h"
"COL",2021,41,14,"h"
"COL",2014,44,14,"h"
"COL",2016,21,12,"h"
"COL",2023,24,7,"h"
"COL",2017,49,77,"h"
"COL",2012,32,43,"h"
"COL",2015,37,35,"h"
"COL",2017,46,18,"h"
"COL",2023,19,12,"h"
"COL",2015,16,4,"h"
"COL",2025,1,7,"h"
"COL",2017,36,71,"h"
"COL",2019,52,9,"h"
"COL",2022,41,14,"h"
"COL",2020,24,7,"h"
"COL",2014,30,97,"h"
"COL",2013,41,12,"h"
"COL",2024,15,259,"h"
"COL",2015,32,89,"h"
"COL",2021,4,206,"h"
"COL",2015,2,101,"h"
"COL",2014,37,28,"h"
"COL",2020,11,616,"h"
"COL",2025,6,131,"h"
"COL",2018,47,11,"h"
"COL",2012,11,334,"h"
"COL",2022,2,253,"h"
"COL",2025,3,381,"h"
"COL",2020,47,17,"h"
"COL",2024,18,6,"h"
"COL",2019,47,29,"h"
"COL",2016,22,7,"h"
"COL",2012,41,33,"h"
"COL",2017,28,28,"h"
"COL",2024,20,5,"h"
"COL",2018,14,43,"h"
"COL",2016,32,30,"h"
"COL",2016,1,142,"h"
"COL",2026,12,585,"h"
"COL",2017,22,3,"h"
"COL",2025,52,108,"h"
"COL",2015,53,48,"h"
"COL",2025,37,41,"h"
"COL",2019,49,25,"h"
"COL",2026,21,11,"h"
"COL",2026,1,23,"h"
"COL",2018,41,26,"h"
"COL",2017,48,33,"h"
"COL",2024,34,25,"h"
"COL",2023,12,381,"h"
"COL",2013,49,15,"h"
"COL",2018,36,18,"h"
"COL",2018,6,1491,"h"
"COL",2017,41,24,"h"
"COL",2021,1,24,"h"
"COL",2021,52,81,"h"
"COL",2018,29,59,"h"
"COL",2019,40,9,"h"
"COL",2016,27,35,"h"
"COL",2013,7,417,"h"
"COL",2024,12,116,"h"
"COL",2014,35,84,"h"
"COL",2018,33,48,"h"
"COL",2015,24,1,"h"
"COL",2013,2,439,"h"
"COL",2023,1,23,"h"
"COL",2021,39,14,"h"
"COL",2016,31,42,"h"
"COL",2021,30,17,"h"
"COL",2012,28,19,"h"
"COL",2016,2,337,"h"
"COL",2014,22,2,"h"
"COL",2016,41,3,"h"
"COL",2014,41,1,"h"
"COL",2013,35,32,"h"
"COL",2016,37,50,"h"
"COL",2015,43,12,"h"
"COL",2014,34,17,"h"
"COL",2014,18,8,"h"
"COL",2018,17,2,"h"
"COL",2017,17,5,"h"
"COL",2022,38,44,"h"
"COL",2014,1,57,"h"
"COL",2019,44,8,"h"
"COL",2022,52,146,"h"
"COL",2013,21,6,"h"
"COL",2016,4,998,"h"
"COL",2015,48,16,"h"
"COL",2023,40,41,"h"
"COL",2019,1,86,"h"
"COL",2017,8,197,"h"
"COL",2018,8,919,"h"
"COL",2014,2,186,"h"
"COL",2014,31,58,"h"
"COL",2025,5,36,"h"
"COL",2019,19,2,"h"
"COL",2023,43,11,"h"
"COL",2016,6,163,"h"
"COL",2018,39,23,"h"
"COL",2021,9,763,"h"
"COL",2020,18,15,"h"
"COL",2015,27,92,"h"
"COL",2015,46,6,"h"
"COL",2021,23,2,"h"
"COL",2017,1,14,"h"
"COL",2012,35,43,"h"
"COL",2019,33,27,"h"
"COL",2014,11,336,"h"
"COL",2014,29,49,"h"
"COL",2024,49,111,"h"
"COL",2023,32,38,"h"
"COL",2013,44,27,"h"
"COL",2023,20,3,"h"
"COL",2024,35,46,"h"
"COL",2020,7,935,"h"
"COL",2023,3,72,"h"
"COL",2012,13,37,"h"
"COL",2012,43,15,"h"
"COL",2019,15,112,"h"
"COL",2013,51,81,"h"
"COL",2014,6,182,"h"
"COL",2020,16,226,"h"
"COL",2015,3,137,"h"
"COL",2025,16,54,"h"
"COL",2020,2,235,"h"
"COL",2022,34,10,"h"
"COL",2020,45,7,"h"
"COL",2026,14,80,"h"
"COL",2022,29,15,"h"
"COL",2022,26,5,"h"
"COL",2015,39,66,"h"
"COL",2018,38,39,"h"
"COL",2025,41,11,"h"
"COL",2022,51,119,"h"
"COL",2018,26,4,"h"
"COL",2020,23,4,"h"
"COL",2016,14,169,"h"
"COL",2019,25,2,"h"
"COL",2015,6,62,"h"
"COL",2012,29,26,"h"
"COL",2015,12,185,"h"
"COL",2024,41,5,"h"
"COL",2015,42,15,"h"
"COL",2017,10,53,"h"
"COL",2015,28,19,"h"
"COL",2026,3,12,"h"
"COL",2024,47,4,"h"
"COL",2021,24,3,"h"
"COL",2019,24,7,"h"
"COL",2024,8,901,"h"
"COL",2018,34,30,"h"
"COL",2023,39,33,"h"
"COL",2014,23,5,"h"
"COL",2024,51,19,"h"
"COL",2012,51,41,"h"
"COL",2016,7,135,"h"
"COL",2012,26,8,"h"
"COL",2015,34,77,"h"
"COL",2016,36,13,"h"
"COL",2014,25,4,"h"
"COL",2016,44,10,"h"
"COL",2026,7,529,"h"
"COL",2012,52,43,"h"
"COL",2014,14,290,"h"
"COL",2025,9,136,"h"
"COL",2026,5,106,"h"
"COL",2023,28,11,"h"
"COL",2017,5,70,"h"
"COL",2017,16,12,"h"
"COL",2020,40,21,"h"
"COL",2023,34,32,"h"
"COL",2024,4,713,"h"
"COL",2019,27,17,"h"
"COL",2014,49,23,"h"
"COL",2013,38,28,"h"
"COL",2023,31,54,"h"
"COL",2014,40,22,"h"
"COL",2014,48,9,"h"
"COL",2018,1,62,"h"
"COL",2018,25,5,"h"
"COL",2013,40,19,"h"
"COL",2021,46,81,"h"
"COL",2020,6,741,"h"
"COL",2017,29,27,"h"
"COL",2015,9,436,"h"
"COL",2023,42,14,"h"
"COL",2018,50,28,"h"
"COL",2012,27,13,"h"
"COL",2013,6,180,"h"
"COL",2019,51,7,"h"
"COL",2021,37,52,"h"
"COL",2012,45,35,"h"
"COL",2021,35,20,"h"
"COL",2026,27,13,"h"
"COL",2017,51,148,"h"
"COL",2021,5,79,"h"
"COL",2020,32,11,"h"
"COL",2021,7,279,"h"
"COL",2020,5,201,"h"
"COL",2015,7,31,"h"
"COL",2022,12,143,"h"
"COL",2019,36,69,"h"
"COL",2012,22,4,"h"
"COL",2018,22,1,"h"
"COL",2017,47,14,"h"
"COL",2021,50,8,"h"
"COL",2022,1,801,"h"
"COL",2022,42,11,"h"
"COL",2014,26,8,"h"
"COL",2016,9,244,"h"
"COL",2025,12,80,"h"
"COL",2019,6,222,"h"
"COL",2024,36,63,"h"
"COL",2025,28,4,"h"
"COL",2016,10,741,"h"
"COL",2023,22,7,"h"
"COL",2013,45,3,"h"
"COL",2018,13,220,"h"
"COL",2023,25,3,"h"
"COL",2019,22,1,"h"
"COL",2023,16,8,"h"
"COL",2022,17,4,"h"
"COL",2015,50,25,"h"
"COL",2024,42,49,"h"
"COL",2019,8,540,"h"
"COL",2022,46,11,"h"
"COL",2013,42,18,"h"
"COL",2021,29,49,"h"
"COL",2012,38,34,"h"
"COL",2019,28,4,"h"
"COL",2020,22,4,"h"
"COL",2014,42,17,"h"
"COL",2014,5,623,"h"
"COL",2025,35,19,"h"
"COL",2020,20,6,"h"
"COL",2016,30,45,"h"
"COL",2012,47,49,"h"
"COL",2022,40,9,"h"
"COL",2016,13,140,"h"
"COL",2016,3,213,"h"
"COL",2019,48,14,"h"
"COL",2012,25,53,"h"
"COL",2024,37,52,"h"
"COL",2023,2,22,"h"
"COL",2021,31,37,"h"
"COL",2026,6,54,"h"
"COL",2023,27,4,"h"
"COL",2016,43,18,"h"
"COL",2022,8,993,"h"
"COL",2017,44,11,"h"
"COL",2025,8,112,"h"
"COL",2020,9,342,"h"
"COL",2022,50,41,"h"
"COL",2026,22,5,"h"
"COL",2023,47,34,"h"
"COL",2026,33,105,"h"
"COL",2018,16,7,"h"
"COL",2025,34,71,"h"
"COL",2025,50,19,"h"
"COL",2013,29,10,"h"
"COL",2013,19,10,"h"
"COL",2016,42,24,"h"
"COL",2025,2,122,"h"
"COL",2013,30,67,"h"
"COL",2022,9,54,"h"
"COL",2013,15,48,"h"
"COL",2012,39,19,"h"
"COL",2021,13,58,"h"
"COL",2015,11,526,"h"
"COL",2020,46,6,"h"
"COL",2015,30,65,"h"
"COL",2012,5,82,"h"
"COL",2017,27,17,"h"
"COL",2016,23,12,"h"
"COL",2012,21,10,"h"
"COL",2015,45,7,"h"
"COL",2019,10,190,"h"
"COL",2019,23,2,"h"
"COL",2018,28,39,"h"
"COL",2014,12,436,"h"
"COL",2023,52,5,"h"
"COL",2018,32,159,"h"
"COL",2024,16,109,"h"
"COL",2021,48,17,"h"
"COL",2021,16,63,"h"
"COL",2019,38,8,"h"
"COL",2024,1,132,"h"
"COL",2018,20,7,"h"
"COL",2014,24,8,"h"
"COL",2017,9,335,"h"
"COL",2022,39,4,"h"
"COL",2021,51,78,"h"
"COL",2018,40,14,"h"
"COL",2012,30,94,"h"
"COL",2015,40,22,"h"
"COL",2013,32,11,"h"
"COL",2025,13,320,"h"
"COL",2015,33,19,"h"
"COL",2012,19,4,"h"
"COL",2020,19,6,"h"
"COL",2023,41,23,"h"
"COL",2026,35,23,"h"
"COL",2012,37,70,"h"
"COL",2024,31,21,"h"
"COL",2019,16,4,"h"
"COL",2012,9,419,"h"
"COL",2014,15,156,"h"
"COL",2016,48,1,"h"
"COL",2017,24,6,"h"
"COL",2017,23,9,"h"
"COL",2022,21,5,"h"
"COL",2024,25,3,"h"
"COL",2022,25,1,"h"
"COL",2013,34,20,"h"
"COL",2012,4,134,"h"
"COL",2020,29,21,"h"
"COL",2024,17,5,"h"
"COL",2024,28,1,"h"
"COL",2023,23,6,"h"
"COL",2014,38,27,"h"
"COL",2013,27,43,"h"
"COL",2017,25,1,"h"
"COL",2020,30,1,"h"
"COL",2013,39,27,"h"
"COL",2023,36,25,"h"
"COL",2014,45,4,"h"
"COL",2022,35,5,"h"
"COL",2020,17,97,"h"
"COL",2017,35,15,"h"
"COL",2015,13,352,"h"
"COL",2022,22,3,"h"
"COL",2019,18,32,"h"
"COL",2024,27,2,"h"
"COL",2019,26,9,"h"
"COL",2025,19,12,"h"
"COL",2018,10,442,"h"
"COL",2022,20,1,"h"
"COL",2017,30,33,"h"
"COL",2020,42,28,"h"
"COL",2023,30,53,"h"
"COL",2015,29,17,"h"
"COL",2018,4,80,"h"
"COL",2024,11,141,"h"
"COL",2026,15,26,"h"
"COL",2019,12,196,"h"
"COL",2024,43,32,"h"
"COL",2015,14,76,"h"
"COL",2014,13,290,"h"
"COL",2016,34,71,"h"
"COL",2014,39,42,"h"
"COL",2019,39,29,"h"
"COL",2015,19,37,"h"
"COL",2020,43,14,"h"
"COL",2026,4,70,"h"
"COL",2019,41,8,"h"
"COL",2017,39,18,"h"
"COL",2018,45,5,"h"
"COL",2019,20,8,"h"
"COL",2020,14,160,"h"
"COL",2017,50,71,"h"
"COL",2020,12,1268,"h"
"COL",2025,4,197,"h"
"COL",2018,23,2,"h"
"COL",2021,33,18,"h"
"COL",2015,36,46,"h"
"COL",2025,47,10,"h"
"COL",2016,17,24,"h"
"COL",2012,48,31,"h"
"COL",2023,9,210,"h"
"COL",2016,25,6,"h"
"COL",2016,46,44,"h"
"COL",2025,44,4,"h"
"COL",2019,13,144,"h"
"COL",2022,4,495,"h"
"COL",2022,28,21,"h"
"COL",2015,17,24,"h"
"COL",2024,2,96,"h"
"COL",2018,31,26,"h"
"COL",2013,18,13,"h"
"COL",2018,35,34,"h"
"COL",2014,51,52,"h"
"COL",2017,3,136,"h"
"COL",2012,8,506,"h"
"COL",2026,9,504,"h"
"COL",2018,3,87,"h"
"COL",2022,13,69,"h"
"COL",2020,39,13,"h"
"COL",2015,23,13,"h"
"COL",2014,9,180,"h"
"COL",2026,11,113,"h"
"COL",2025,27,3,"h"
"COL",2014,32,29,"h"
"COL",2016,28,9,"h"
"COL",2013,1,173,"h"
"COL",2021,25,2,"h"
"COL",2015,8,605,"h"
"COL",2014,4,459,"h"
"COL",2019,9,1532,"h"
"COL",2016,29,15,"h"
"COL",2018,46,10,"h"
"COL",2016,20,13,"h"
"COL",2021,38,23,"h"
"COL",2017,38,32,"h"
"COL",2018,12,436,"h"
"COL",2012,23,10,"h"
"COL",2024,40,26,"h"
"COL",2018,11,359,"h"
"COL",2019,50,16,"h"
"COL",2013,36,26,"h"
"COL",2014,52,85,"h"
"COL",2014,21,18,"h"
"COL",2014,17,15,"h"
"COL",2019,37,39,"h"
"COL",2025,10,160,"h"
"COL",2019,34,75,"h"
"COL",2012,3,129,"h"
"COL",2023,10,86,"h"
"COL",2017,11,430,"h"
"COL",2015,15,33,"h"
"COL",2015,21,5,"h"
"COL",2021,18,9,"h"
"COL",2023,15,79,"h"
"COL",2017,7,729,"h"
"COL",2024,6,32,"h"
"COL",2026,24,6,"h"
"COL",2021,27,20,"h"
"COL",2019,2,130,"h"
"COL",2023,44,5,"h"
"COL",2025,15,13,"h"
"COL",2025,32,19,"h"
"COL",2023,7,337,"h"
"COL",2024,23,1,"h"
"COL",2025,40,14,"h"
"COL",2026,34,26,"h"
"COL",2020,52,38,"h"
"COL",2017,6,401,"h"
"COL",2018,52,158,"h"
"COL",2015,4,43,"h"
"COL",2018,9,409,"h"
"COL",2022,27,18,"h"
"COL",2017,21,11,"h"
"COL",2022,15,48,"h"
"COL",2023,26,8,"h"
"COL",2023,50,18,"h"
"COL",2015,35,95,"h"
"COL",2017,45,9,"h"
"COL",2022,3,106,"h"
