Año,ACTIVIDAD INTERNA,Renta y complementarios /1,Renta cuotas/2,Retención en la fuente a título de renta /3,IVA /4,Declaraciones IVA,Retención en la fuente a título de IVA,Timbre nacional,G.M.F.,Patrimonio /5,Riqueza /6,Impuesto al consumo /7,Impuesto gasolina y ACPM,Impuesto al carbono /8,CREE,Declaraciones CREE /9,Retención CREE,Impuesto unificado RST (Simple) /10,Impuesto de normalización tributaria /11,Consumo bienes inmuebles /12,Productos plásticos de un solo uso /13,Impuestos saludables - Bebidas azucaradas /14,Impuestos saludables - Comestibles ultraprocesados /15,Impuesto especial para el Catatumbo/18,ACTIVIDAD EXTERNA,IVA,Arancel /16,III. POR CLASIFICAR /17,IV. TOTAL DIAN
1970,7557,5958,5419,539,1000,1000,0,599,0,0,0,0,0,0,0,0,0,0,0,0,0,0,0,0,3755,74,3681,0,11312
1971,9154,6940,6122,818,1338,1338,0,876,0,0,0,0,0,0,0,0,0,0,0,0,0,0,0,0,4389,344,4045,0,13543
1972,10508,8021,6862,1159,1447,1447,0,1040,0,0,0,0,0,0,0,0,0,0,0,0,0,0,0,0,5082,548,4534,0,15590
1973,12111,9050,7528,1522,1686,1686,0,1375,0,0,0,0,0,0,0,0,0,0,0,0,0,0,0,0,6930,774,6156,0,19041
1974,15481,11135,8996,2139,2555,2555,0,1791,0,0,0,0,0,0,0,0,0,0,0,0,0,0,0,0,9024,1390,7634,0,24505
1975,25147,18315,15702,2613,5174,5174,0,1658,0,0,0,0,0,0,0,0,0,0,0,0,0,0,0,0,12063,2584,9479,0,37210
1976,29014,20769,10950,9819,6497,6497,0,1748,0,0,0,0,0,0,0,0,0,0,0,0,0,0,0,0,17251,3564,13687,0,46265
1977,34708,24188,19813,4375,8344,8344,0,2176,0,0,0,0,0,0,0,0,0,0,0,0,0,0,0,0,24144,5107,19037,0,58852
1978,44704,30677,25063,5614,11151,11151,0,2876,0,0,0,0,0,0,0,0,0,0,0,0,0,0,0,0,29011,7506,21505,0,73715
1979,57217,38485,29799,8686,15556,15556,0,3176,0,0,0,0,0,0,0,0,0,0,0,0,0,0,0,0,34819,9342,25477,0,92036
1980,72045,48318,35143,13175,18758,18758,0,4969,0,0,0,0,0,0,0,0,0,0,0,0,0,0,0,0,50332,14806,35526,0,122377
1981,85384,54726,38633,16093,25713,25713,0,4945,0,0,0,0,0,0,0,0,0,0,0,0,0,0,0,0,54694,17159,37535,0,140078
1982,108021,67870,46655,21215,33536,33536,0,6615,0,0,0,0,0,0,0,0,0,0,0,0,0,0,0,0,65254,21282,43972,0,173275
1983,149664,100231,72515,27716,41997,41997,0,7436,0,0,0,0,0,0,0,0,0,0,0,0,0,0,0,0,64202,21357,42845,0,213866
1984,194135,120839,81860,38979,62269,62269,0,11027,0,0,0,0,0,0,0,0,0,0,0,0,0,0,0,0,71914,25827,46087,0,266049
1985,276386,162099,100567,61532,94801,94801,0,19486,0,0,0,0,0,0,0,0,0,0,0,0,0,0,0,0,131173,40758,90415,0,407559
1986,373567,222601,124243,98358,126040,126040,0,24926,0,0,0,0,0,0,0,0,0,0,0,0,0,0,0,0,204381,62743,141638,0,577948
1987,508457,318329,161770,156559,173164,173164,0,16964,0,0,0,0,0,0,0,0,0,0,0,0,0,0,0,0,332825,91559,241266,0,841282
1988,674696,426929,205014,221915,228690,228690,0,19077,0,0,0,0,0,0,0,0,0,0,0,0,0,0,0,0,468419,133764,334655,0,1143115
1989,920160,586745,297145,289600,307202,307202,0,26213,0,0,0,0,0,0,0,0,0,0,0,0,0,0,0,0,561579,161477,400102,0,1481739
1990,1267784,822513,433768,388745,411482,411482,0,33789,0,0,0,0,0,0,0,0,0,0,0,0,0,0,0,0,705148,212470,492678,0,1972932
1991,2078931,1409760,778766,630994,628340,628340,0,40831,0,0,0,0,0,0,0,0,0,0,0,0,0,0,0,0,693539,275308,418231,0,2772470
1992,2796539,1846321,745607,1100714,894653,894653,0,55565,0,0,0,0,0,0,0,0,0,0,0,0,0,0,0,0,797024,460017,337007,0,3593563
1993,3693220,2318382,812946,1505436,1359344,1359344,0,15494,0,0,0,0,0,0,0,0,0,0,0,0,0,0,0,0,1447246,901757,545489,0,5140466
1994,4698324,2810450,1035281,1775169,1801397,1801397,0,86477,0,0,0,0,0,0,0,0,0,0,0,0,0,0,0,0,1876135,1142775,733360,11292,6585751
1995,5831299,3483559,1149129,2334430,2218156,2218156,0,129584,0,0,0,0,0,0,0,0,0,0,0,0,0,0,0,0,2312084,1436018,876066,16146,8159529
1996,7608094,4046703,1292721,2753982,3412537,2888624,523913,148854,0,0,0,0,0,0,0,0,0,0,0,0,0,0,0,0,2525170,1619137,906033,31978,10165242
1997,9722309,5478876,1845332,3633544,4010276,3283057,727219,233157,0,0,0,0,0,0,0,0,0,0,0,0,0,0,0,0,3432829,2079276,1353553,130502,13285640
1998,10890906,6061012,1641863,4419149,4512718,3589001,923717,317176,0,0,0,0,0,0,0,0,0,0,0,0,0,0,0,0,4118394,2401536,1716858,12410,15021710
1999,12851660,6700405,2105943,4594462,4934015,3947625,986390,336548,880692,0,0,0,0,0,0,0,0,0,0,0,0,0,0,0,3573073,2134398,1438675,10616,16435349
2000,14755988.900312005,7526963.613461876,2474471.073009998,5052492.540451879,5789588.730359226,4576003.387146002,1213585.3432132246,402692.55649090256,1036744,0,0,0,0,0,0,0,0,0,0,0,0,0,0,0,4505080.6343829995,2742842.420735395,1762238.2136476045,34037.74621299993,19295107.280908003
2001,19441735.498156995,10261225.495870292,3969716.8307649996,6291508.6651052935,7322401.820772237,5235223.593014001,2087178.2277582365,420749.18151446537,1437359,0,0,0,0,0,0,0,0,0,0,0,0,0,0,0,5406023.702323997,3152714.1399326827,2253309.562391315,21999.809635999212,24869759.01011699
2002,21903835.194333013,10859993.412395269,3635357.0816040016,7224636.330791268,7951042.492911259,5610840.737230008,2340201.755681251,433976.77370148385,1408101,1250721.5153250012,0,0,0,0,0,0,0,0,0,0,0,0,0,0,5635979.793234998,3485895.9007056165,2150083.8925293814,13579.002785999586,27553393.990354013
2003,25574800.856924,12541672.56551232,4129478.996714002,8412193.568798319,9672157.254809268,6889779.518773999,2782377.7360352688,511536.8412844116,1621500,1227934.1953179978,0,0,0,0,0,0,0,0,0,0,0,0,0,0,6690430.305588999,4405050.639034126,2285379.666554873,20019.116747999746,32285250.279261
2004,30232457.156700023,15955333.583027989,6546625.648104011,9408707.934923979,11010806.088457314,7840824.087506004,3169982.0009513106,574710.1982207169,2237595,454012.2869939997,0,0,0,0,0,0,0,0,0,0,0,0,0,0,7544122.874234995,5163343.278676723,2380779.595558272,88490.9326840001,37865070.963619016
2005,34272520.58408203,18538970.09403962,7923954.054545007,10615016.039494613,12184699.246262275,8889564.618153004,3295134.6281092702,673405.890134132,2401225.874596,474219.47904999997,0,0,0,0,0,0,0,0,0,0,0,0,0,0,9285241.584821004,6277481.19430496,3007760.390516045,33837.39960899981,43591599.56851204
2006,40544593.171061,22419113.15238896,9842101.002242,12577012.150146957,14129092.986480052,10887932.062904,3241160.9235760514,791207.5334059935,2668946.016352,536233.482434,0,0,0,0,0,0,0,0,0,0,0,0,0,0,12260111.751030996,8569224.03520682,3690887.715824176,19655.699150000048,52824360.621242
2007,46887521.71317801,24741645.389848202,10222032.536946,14519612.8529022,17059745.041436613,13097249.051949,3962495.989487611,863928.3666471897,2989521.9663790003,1232680.948867,0,0,0,0,0,0,0,0,0,0,0,0,0,0,13335911.383433001,9091406.617664892,4244504.765768109,18420.725302000003,60241853.82191301
2008,52854172,26666889,10140964,16525925,18857401,14322836,4534565,809376,3199639,3320867,0,0,0,0,0,0,0,0,0,0,0,0,0,0,14142439,9713835,4428604,36206,67032817
2009,56154875.581953,30693655.83476226,13510156.748918997,17183499.085843265,19454512.48257403,14797055.852818,4657456.629756033,646811.6344847023,3121277.7,2238617.930132,0,0,0,0,0,0,0,0,0,0,0,0,0,0,12727671.808984,8594142.49879377,4133529.31019023,28234.004538,68910781.395475
2010,55603236.297977,28129329.61287731,9425350.448548999,18703979.16432831,21659705.63837267,16577995.237996,5081710.400376669,353912.13513101655,3224922.2,2235366.711596,0,0,0,0,0,0,0,0,0,0,0,0,0,0,14571426.229996,9703215.807716586,4868210.422279415,24127.104155,70198789.632128
2011,69572822.074589,34837404.32418182,12536625.685461001,22300778.638720814,25098771.50729027,19107011.516619,5991759.990671269,119242.40476791482,5069606.199999999,4447797.638349,0,0,0,0,0,0,0,0,0,0,0,0,0,0,16951585.705411002,12561092.335649502,4390493.3697615,56491.39954200001,86580899.179542
2012,82101884.35960099,45859883.21107143,22000008.607824,23859874.603247434,26443588.769303635,19877816.951018002,6565771.818285635,55394.89967093081,5351294.1002,4391723.379354999,0,0,0,0,0,0,0,0,0,0,0,0,0,0,17004039.726513002,13043702.583511386,3960337.1430016165,38950.90233799999,99144874.98845199
2013,89317271.31511101,46510514.44346848,21039923.618451,25470590.825017482,25355298.69732801,21243422.476183,4111876.2211450087,57246.70346251031,5935091.0759,4466766.574380999,0,1288442.4279890002,2736545.366,0,2967366.0265820003,0,2967366.0265820003,0,0,0,0,0,0,0,16320623.494823001,12080300.331059568,4240323.163763433,130347.252265,105768242.06219903
2014,96325168.88770501,39455137.990180016,11990124.491365,27465013.498815015,28315027.901598506,24338465.899922002,3976562.001676502,72303.06216848623,6464683.421,4361286.466573001,0,1757643.299095,2980884.793,0,12918201.95409,5994962.481696,6923239.472394,0,0,0,0,0,0,0,18009107.167856,13609156.515790991,4399950.652065009,27436.361972,114361712.41753301
2015,103169061.564183,41410708.84046469,10702326.431097003,30708382.409367688,29584355.92205277,24901946.59027,4682409.331782769,104085.10092854191,6775376.763000001,0,5512167.661602001,1824289.3062429999,3418957.0994949997,0,14539120.870397002,7068879.604324,7470241.266073001,0,0,0,0,0,0,0,20520324.481656,15446104.09015946,5074220.391496538,36532.341835,123725918.387674
2016,107164022.152842,43523592.5116142,10882845.795218999,32640746.716395203,30686531.43151226,25723556.010606997,4962975.42090526,105820.78851653788,7067990.608,0,5065926.690617,1843916.2342850002,3747949.864175,0,15122294.024122,7553508.2909470005,7568785.733175,0,0,0,0,0,0,0,19576000.548381,14992158.99311582,4583841.555265182,14011.105947,126754033.80717
2017,114917769.285552,56671855.89465527,15077560.117085,41594295.77757027,37516524.27807891,31900265.514881004,5616258.763197907,79667.7727778232,7307440.768999999,0,3975715.7342260005,2107550.053057,1619472.343,476861.94678199996,5162680.493975,4058302.663274,1104377.830701,0,0,0,0,0,0,0,21414465.999048,17151552.020890817,4262913.978157181,116936.137814,136449171.42241398
2018,121208744.04519801,67910376.01189591,17632780.831775002,50277595.18012091,40863559.666357554,34484696.66480199,6378863.001555562,79889.11202053743,7703514.346,0,469143.79674300004,2214708.8202429996,1517545.7700000003,294071.93499999994,155934.586938,139455.289479,16479.297458999998,0,0,0,0,0,0,0,23095635.610935003,19081076.838284947,4014558.7726500537,75199.760435,144379579.41656798
2019,131169148.431302,71153982.54640311,18276283.744257003,52877698.8021461,44351763.55447161,37068617.545251,7283146.009220617,85801.05593028836,8689718.798999999,859265.515479,72560.595787,2419667.9291909994,1623253.5402789998,451045.90099999995,111959.376611,102384.673624,9574.702986999999,73893.15500000001,1138914.222,137322.24015,0,0,0,0,26310444.483935006,22032710.166006733,4277734.317928271,141126.029783,157620718.94502002
2020,122354609.776967,69346963.84071016,18037327.372918002,51309636.4677922,39667035.07361374,32734658.759572994,6932376.314040748,41576.762819092844,8216315.593,952146.103476,27506.953319000004,1477518.4479510004,1322732.139769,294901.764142,55338.302167,46525.588676,8812.713491,321519.96900000004,626017.9130000001,5036.914000000001,0,0,0,0,23731765.436726,20319385.168963335,3412380.2677626642,179780.318017,146266155.53171
2021,139615800.20135397,77581293.25498533,16832856.063893,60748437.19109233,46605768.87825497,38422260.848198995,8183508.030055971,84432.30433070227,9856524.38,1002537.6733899999,33004.24574,1530683.843726,1799854.952618,334309.261,38755.752324,32767.304376000004,5988.447948,599102.087,145302.938189,4230.629796,0,0,0,0,33833976.621696,29044524.0506509,4789452.571045105,216185.38251900004,173665962.205569
2022,179520437.025409,103189811.47662897,24194067.266009998,78995744.21061897,56439519.18236184,45349922.185373,11089596.996988842,134468.36566819315,12676743.777,62698.72486,10612.756803,2897785.451904,2186240.474985,423903.886,56913.20488,53566.108256,3347.096624,1191782.589,233435.386744,16521.748574,0,0,0,0,48692600.648146,41635012.91991914,7057587.728226869,167181.329254,228380219.00280902
2023,237178934.511457,147163768.46102032,50734447.25467299,96429321.20634733,66265500.7872115,53831574.61411001,12433926.173101492,215679.18028216396,14009341.210412,1211119.917535,10316.245012,3370207.913741,2384057.234,575273.6680000001,109622.28162699999,105946.007313,3676.2743140000002,1833598.6899999997,4986.1176159999995,25462.804999999997,0,0,0,0,41430577.668918006,35239463.20580555,6191114.463112459,308226.74328099994,278917738.923656
2024,226253085.174504,127544350.7694874,30059017.341676,97485333.4278114,69572029.22909503,57337247.48314799,12234781.74594703,249762.6489685722,14888526.138844,1473818.941317,5691.757409999999,3580545.598443,2560488.001,551994.681,10244.735711,7605.207039,2639.528672,2861341.4275,870.2985050000001,6514.799000000001,64570.49799999999,488980.3489999999,2393355.301223,0,40419539.188214,33788754.98866484,6630784.199549165,151594.486116,266824218.848834
2025,244842342.276734,137019007.5287534,33485436.5567,103533570.9720534,75549126.29858792,62680128.83940701,12868997.45918093,831048.9034176755,16284428.014376,1239695.441067,8624.028095,4337949.662599,1510307.835,345536.839,9476.781743,6706.131456000001,2770.650287,3583799.8238,1200.341012,5607.9611,82461.74895700002,518026.677879,2806089.595347,709954.7960000001,49294003.820505,40711944.32694369,8582059.49356132,326010.894201,294462356.9914401
2026(p),159896385.80005,87681116.66595984,21029238.345682,66651878.32027785,51846013.66066469,44064785.66705801,7781227.993606705,444170.3490234552,10201742.273,787457.931236,2771.36459,3259306.387022,308077.542,116423.935,23212.773028,21394.903786,1817.869242,2713816.983428,395594.584387,3089.97,115693.168217,386354.217072,1535297.329422,76246.66599999998,27926145.002935,23167565.79594056,4758579.206994438,177577.608132,188000108.411117
