anio,mes,clasificacion,conteo
2014,1,"PETICIONES, QUEJAS RECLAMOS O DENUNCIAS*",17760.0
2014,2,"PETICIONES, QUEJAS RECLAMOS O DENUNCIAS*",17405.0
2014,3,"PETICIONES, QUEJAS RECLAMOS O DENUNCIAS*",19979.0
2014,4,"PETICIONES, QUEJAS RECLAMOS O DENUNCIAS*",19136.0
2014,5,"PETICIONES, QUEJAS RECLAMOS O DENUNCIAS*",20118.0
2014,6,"PETICIONES, QUEJAS RECLAMOS O DENUNCIAS*",17446.0
2014,7,"PETICIONES, QUEJAS RECLAMOS O DENUNCIAS*",21476.0
2014,8,"PETICIONES, QUEJAS RECLAMOS O DENUNCIAS*",20615.0
2014,9,"PETICIONES, QUEJAS RECLAMOS O DENUNCIAS*",22193.0
2014,10,"PETICIONES, QUEJAS RECLAMOS O DENUNCIAS*",20983.0
2014,11,"PETICIONES, QUEJAS RECLAMOS O DENUNCIAS*",17670.0
2014,12,"PETICIONES, QUEJAS RECLAMOS O DENUNCIAS*",15443.0
2014,1,SOLICITUD DE INFORMACIÓN,37159.0
2014,2,SOLICITUD DE INFORMACIÓN,40409.0
2014,3,SOLICITUD DE INFORMACIÓN,39782.0
2014,4,SOLICITUD DE INFORMACIÓN,38851.0
2014,5,SOLICITUD DE INFORMACIÓN,40917.0
2014,6,SOLICITUD DE INFORMACIÓN,37594.0
2014,7,SOLICITUD DE INFORMACIÓN,48354.0
2014,8,SOLICITUD DE INFORMACIÓN,36890.0
2014,9,SOLICITUD DE INFORMACIÓN,42640.0
2014,10,SOLICITUD DE INFORMACIÓN,38804.0
2014,11,SOLICITUD DE INFORMACIÓN,32398.0
2014,12,SOLICITUD DE INFORMACIÓN,28975.0
2014,1,TOTAL,54919.0
2014,2,TOTAL,57814.0
2014,3,TOTAL,59761.0
2014,4,TOTAL,57987.0
2014,5,TOTAL,61035.0
2014,6,TOTAL,55040.0
2014,7,TOTAL,69830.0
2014,8,TOTAL,57505.0
2014,9,TOTAL,64833.0
2014,10,TOTAL,59787.0
2014,11,TOTAL,50068.0
2014,12,TOTAL,44418.0
2015,1,"PETICIONES, QUEJAS, RECLAMOS O DENUNCIAS*",19046.0
2015,2,"PETICIONES, QUEJAS, RECLAMOS O DENUNCIAS*",20971.0
2015,3,"PETICIONES, QUEJAS, RECLAMOS O DENUNCIAS*",25202.0
2015,4,"PETICIONES, QUEJAS, RECLAMOS O DENUNCIAS*",23970.0
2015,5,"PETICIONES, QUEJAS, RECLAMOS O DENUNCIAS*",26249.0
2015,6,"PETICIONES, QUEJAS, RECLAMOS O DENUNCIAS*",26152.0
2015,7,"PETICIONES, QUEJAS, RECLAMOS O DENUNCIAS*",30613.0
2015,8,"PETICIONES, QUEJAS, RECLAMOS O DENUNCIAS*",26704.0
2015,9,"PETICIONES, QUEJAS, RECLAMOS O DENUNCIAS*",29618.0
2015,10,"PETICIONES, QUEJAS, RECLAMOS O DENUNCIAS*",33689.0
2015,11,"PETICIONES, QUEJAS, RECLAMOS O DENUNCIAS*",31805.0
2015,12,"PETICIONES, QUEJAS, RECLAMOS O DENUNCIAS*",31303.0
2015,1,SOLICITUD DE INFORMACIÓN,34135.0
2015,2,SOLICITUD DE INFORMACIÓN,37926.0
2015,3,SOLICITUD DE INFORMACIÓN,39486.0
2015,4,SOLICITUD DE INFORMACIÓN,36515.0
2015,5,SOLICITUD DE INFORMACIÓN,39285.0
2015,6,SOLICITUD DE INFORMACIÓN,42449.0
2015,7,SOLICITUD DE INFORMACIÓN,52473.0
2015,8,SOLICITUD DE INFORMACIÓN,41847.0
2015,9,SOLICITUD DE INFORMACIÓN,35788.0
2015,10,SOLICITUD DE INFORMACIÓN,37347.0
2015,11,SOLICITUD DE INFORMACIÓN,40843.0
2015,12,SOLICITUD DE INFORMACIÓN,40571.0
2015,1,TOTAL,53181.0
2015,2,TOTAL,58897.0
2015,3,TOTAL,64688.0
2015,4,TOTAL,60485.0
2015,5,TOTAL,65534.0
2015,6,TOTAL,68601.0
2015,7,TOTAL,83086.0
2015,8,TOTAL,68551.0
2015,9,TOTAL,65406.0
2015,10,TOTAL,71036.0
2015,11,TOTAL,72648.0
2015,12,TOTAL,71874.0
2016,1,"PETICIONES, QUEJAS, RECLAMOS O DENUNCIAS*",27922.0
2016,2,"PETICIONES, QUEJAS, RECLAMOS O DENUNCIAS*",37255.0
2016,3,"PETICIONES, QUEJAS, RECLAMOS O DENUNCIAS*",32488.0
2016,4,"PETICIONES, QUEJAS, RECLAMOS O DENUNCIAS*",37691.0
2016,5,"PETICIONES, QUEJAS, RECLAMOS O DENUNCIAS*",38592.0
2016,6,"PETICIONES, QUEJAS, RECLAMOS O DENUNCIAS*",41539.0
2016,7,"PETICIONES, QUEJAS, RECLAMOS O DENUNCIAS*",40768.0
2016,8,"PETICIONES, QUEJAS, RECLAMOS O DENUNCIAS*",48766.0
2016,9,"PETICIONES, QUEJAS, RECLAMOS O DENUNCIAS*",46650.0
2016,10,"PETICIONES, QUEJAS, RECLAMOS O DENUNCIAS*",41681.0
2016,11,"PETICIONES, QUEJAS, RECLAMOS O DENUNCIAS*",37059.0
2016,12,"PETICIONES, QUEJAS, RECLAMOS O DENUNCIAS*",37348.0
2016,1,SOLICITUD DE INFORMACIÓN,34382.0
2016,2,SOLICITUD DE INFORMACIÓN,35449.0
2016,3,SOLICITUD DE INFORMACIÓN,33237.0
2016,4,SOLICITUD DE INFORMACIÓN,32732.0
2016,5,SOLICITUD DE INFORMACIÓN,39333.0
2016,6,SOLICITUD DE INFORMACIÓN,41202.0
2016,7,SOLICITUD DE INFORMACIÓN,36345.0
2016,8,SOLICITUD DE INFORMACIÓN,43711.0
2016,9,SOLICITUD DE INFORMACIÓN,46203.0
2016,10,SOLICITUD DE INFORMACIÓN,39818.0
2016,11,SOLICITUD DE INFORMACIÓN,30298.0
2016,12,SOLICITUD DE INFORMACIÓN,7337.0
2016,1,TOTAL,62304.0
2016,2,TOTAL,72704.0
2016,3,TOTAL,65725.0
2016,4,TOTAL,70423.0
2016,5,TOTAL,77925.0
2016,6,TOTAL,82741.0
2016,7,TOTAL,77113.0
2016,8,TOTAL,92477.0
2016,9,TOTAL,92853.0
2016,10,TOTAL,81499.0
2016,11,TOTAL,67357.0
2016,12,TOTAL,44685.0
2017,1,"PETICIONES, QUEJAS, RECLAMOS O DENUNCIAS*",32534.0
2017,2,"PETICIONES, QUEJAS, RECLAMOS O DENUNCIAS*",35066.0
2017,3,"PETICIONES, QUEJAS, RECLAMOS O DENUNCIAS*",47821.0
2017,4,"PETICIONES, QUEJAS, RECLAMOS O DENUNCIAS*",36915.0
2017,5,"PETICIONES, QUEJAS, RECLAMOS O DENUNCIAS*",41162.0
2017,6,"PETICIONES, QUEJAS, RECLAMOS O DENUNCIAS*",42118.0
2017,7,"PETICIONES, QUEJAS, RECLAMOS O DENUNCIAS*",40766.0
2017,8,"PETICIONES, QUEJAS, RECLAMOS O DENUNCIAS*",43372.0
2017,9,"PETICIONES, QUEJAS, RECLAMOS O DENUNCIAS*",42215.0
2017,10,"PETICIONES, QUEJAS, RECLAMOS O DENUNCIAS*",44383.0
2017,11,"PETICIONES, QUEJAS, RECLAMOS O DENUNCIAS*",42486.0
2017,12,"PETICIONES, QUEJAS, RECLAMOS O DENUNCIAS*",34593.0
2017,1,SOLICITUD DE INFORMACIÓN,12508.0
2017,2,SOLICITUD DE INFORMACIÓN,21184.0
2017,3,SOLICITUD DE INFORMACIÓN,29575.0
2017,4,SOLICITUD DE INFORMACIÓN,23986.0
2017,5,SOLICITUD DE INFORMACIÓN,28140.0
2017,6,SOLICITUD DE INFORMACIÓN,27671.0
2017,7,SOLICITUD DE INFORMACIÓN,26628.0
2017,8,SOLICITUD DE INFORMACIÓN,28156.0
2017,9,SOLICITUD DE INFORMACIÓN,26468.0
2017,10,SOLICITUD DE INFORMACIÓN,24657.0
2017,11,SOLICITUD DE INFORMACIÓN,25656.0
2017,12,SOLICITUD DE INFORMACIÓN,20088.0
2017,1,TOTAL,45042.0
2017,2,TOTAL,56250.0
2017,3,TOTAL,77396.0
2017,4,TOTAL,60901.0
2017,5,TOTAL,69302.0
2017,6,TOTAL,69789.0
2017,7,TOTAL,67394.0
2017,8,TOTAL,71528.0
2017,9,TOTAL,68683.0
2017,10,TOTAL,69040.0
2017,11,TOTAL,68142.0
2017,12,TOTAL,54681.0
2018,1,"PETICIONES, QUEJAS RECLAMOS O DENUNCIAS*",38901.0
2018,2,"PETICIONES, QUEJAS RECLAMOS O DENUNCIAS*",42588.0
2018,3,"PETICIONES, QUEJAS RECLAMOS O DENUNCIAS*",40306.0
2018,4,"PETICIONES, QUEJAS RECLAMOS O DENUNCIAS*",45690.0
2018,5,"PETICIONES, QUEJAS RECLAMOS O DENUNCIAS*",56145.0
2018,6,"PETICIONES, QUEJAS RECLAMOS O DENUNCIAS*",45821.0
2018,7,"PETICIONES, QUEJAS RECLAMOS O DENUNCIAS*",48411.0
2018,8,"PETICIONES, QUEJAS RECLAMOS O DENUNCIAS*",49939.0
2018,9,"PETICIONES, QUEJAS RECLAMOS O DENUNCIAS*",54702.0
2018,10,"PETICIONES, QUEJAS RECLAMOS O DENUNCIAS*",71681.0
2018,11,"PETICIONES, QUEJAS RECLAMOS O DENUNCIAS*",55807.0
2018,12,"PETICIONES, QUEJAS RECLAMOS O DENUNCIAS*",38253.0
2018,1,SOLICITUD DE INFORMACIÓN,22194.0
2018,2,SOLICITUD DE INFORMACIÓN,28176.0
2018,3,SOLICITUD DE INFORMACIÓN,26891.0
2018,4,SOLICITUD DE INFORMACIÓN,31713.0
2018,5,SOLICITUD DE INFORMACIÓN,33856.0
2018,6,SOLICITUD DE INFORMACIÓN,29994.0
2018,7,SOLICITUD DE INFORMACIÓN,33569.0
2018,8,SOLICITUD DE INFORMACIÓN,37562.0
2018,9,SOLICITUD DE INFORMACIÓN,38332.0
2018,10,SOLICITUD DE INFORMACIÓN,53166.0
2018,11,SOLICITUD DE INFORMACIÓN,45363.0
2018,12,SOLICITUD DE INFORMACIÓN,30234.0
2018,1,TOTAL,61095.0
2018,2,TOTAL,70764.0
2018,3,TOTAL,67197.0
2018,4,TOTAL,77403.0
2018,5,TOTAL,90001.0
2018,6,TOTAL,75815.0
2018,7,TOTAL,81980.0
2018,8,TOTAL,87501.0
2018,9,TOTAL,93034.0
2018,10,TOTAL,124847.0
2018,11,TOTAL,101170.0
2018,12,TOTAL,68487.0
2019,1,"PETICIONES, QUEJAS RECLAMOS O DENUNCIAS*",41898.0
2019,2,"PETICIONES, QUEJAS RECLAMOS O DENUNCIAS*",50253.0
2019,3,"PETICIONES, QUEJAS RECLAMOS O DENUNCIAS*",54122.0
2019,4,"PETICIONES, QUEJAS RECLAMOS O DENUNCIAS*",55091.0
2019,5,"PETICIONES, QUEJAS RECLAMOS O DENUNCIAS*",71754.0
2019,6,"PETICIONES, QUEJAS RECLAMOS O DENUNCIAS*",63719.0
2019,7,"PETICIONES, QUEJAS RECLAMOS O DENUNCIAS*",68865.0
2019,8,"PETICIONES, QUEJAS RECLAMOS O DENUNCIAS*",67023.0
2019,9,"PETICIONES, QUEJAS RECLAMOS O DENUNCIAS*",67570.0
2019,10,"PETICIONES, QUEJAS RECLAMOS O DENUNCIAS*",81787.0
2019,11,"PETICIONES, QUEJAS RECLAMOS O DENUNCIAS*",71986.0
2019,12,"PETICIONES, QUEJAS RECLAMOS O DENUNCIAS*",58919.0
2019,1,SOLICITUD DE INFORMACIÓN,31702.0
2019,2,SOLICITUD DE INFORMACIÓN,42031.0
2019,3,SOLICITUD DE INFORMACIÓN,49773.0
2019,4,SOLICITUD DE INFORMACIÓN,49875.0
2019,5,SOLICITUD DE INFORMACIÓN,56469.0
2019,6,SOLICITUD DE INFORMACIÓN,49183.0
2019,7,SOLICITUD DE INFORMACIÓN,57379.0
2019,8,SOLICITUD DE INFORMACIÓN,52182.0
2019,9,SOLICITUD DE INFORMACIÓN,50996.0
2019,10,SOLICITUD DE INFORMACIÓN,79981.0
2019,11,SOLICITUD DE INFORMACIÓN,92535.0
2019,12,SOLICITUD DE INFORMACIÓN,87961.0
2019,1,TOTAL,73600.0
2019,2,TOTAL,92284.0
2019,3,TOTAL,103895.0
2019,4,TOTAL,104966.0
2019,5,TOTAL,128223.0
2019,6,TOTAL,112902.0
2019,7,TOTAL,126244.0
2019,8,TOTAL,119205.0
2019,9,TOTAL,118566.0
2019,10,TOTAL,161768.0
2019,11,TOTAL,164521.0
2019,12,TOTAL,146880.0
2020,1,"PETICIONES, QUEJAS RECLAMOS O DENUNCIAS",65475.0
2020,2,"PETICIONES, QUEJAS RECLAMOS O DENUNCIAS",74776.0
2020,3,"PETICIONES, QUEJAS RECLAMOS O DENUNCIAS",69389.0
2020,4,"PETICIONES, QUEJAS RECLAMOS O DENUNCIAS",60000.0
2020,5,"PETICIONES, QUEJAS RECLAMOS O DENUNCIAS",60486.0
2020,6,"PETICIONES, QUEJAS RECLAMOS O DENUNCIAS",64517.0
2020,7,"PETICIONES, QUEJAS RECLAMOS O DENUNCIAS",90158.0
2020,8,"PETICIONES, QUEJAS RECLAMOS O DENUNCIAS",79874.0
2020,9,"PETICIONES, QUEJAS RECLAMOS O DENUNCIAS",68120.0
2020,10,"PETICIONES, QUEJAS RECLAMOS O DENUNCIAS",75315.0
2020,11,"PETICIONES, QUEJAS RECLAMOS O DENUNCIAS",72431.0
2020,12,"PETICIONES, QUEJAS RECLAMOS O DENUNCIAS",70390.0
2020,1,SOLICITUD DE INFORMACIÓN,92063.0
2020,2,SOLICITUD DE INFORMACIÓN,94235.0
2020,3,SOLICITUD DE INFORMACIÓN,100019.0
2020,4,SOLICITUD DE INFORMACIÓN,108127.0
2020,5,SOLICITUD DE INFORMACIÓN,112653.0
2020,6,SOLICITUD DE INFORMACIÓN,109373.0
2020,7,SOLICITUD DE INFORMACIÓN,133679.0
2020,8,SOLICITUD DE INFORMACIÓN,113193.0
2020,9,SOLICITUD DE INFORMACIÓN,101883.0
2020,10,SOLICITUD DE INFORMACIÓN,104166.0
2020,11,SOLICITUD DE INFORMACIÓN,100972.0
2020,12,SOLICITUD DE INFORMACIÓN,92914.0
2020,1,TOTAL,157538.0
2020,2,TOTAL,169011.0
2020,3,TOTAL,169408.0
2020,4,TOTAL,168127.0
2020,5,TOTAL,173139.0
2020,6,TOTAL,173890.0
2020,7,TOTAL,223837.0
2020,8,TOTAL,193067.0
2020,9,TOTAL,170003.0
2020,10,TOTAL,179481.0
2020,11,TOTAL,173403.0
2020,12,TOTAL,163304.0
2021,1,"PETICIONES, QUEJAS RECLAMOS O DENUNCIAS*",72794.0
2021,2,"PETICIONES, QUEJAS RECLAMOS O DENUNCIAS*",77757.0
2021,3,"PETICIONES, QUEJAS RECLAMOS O DENUNCIAS*",85093.0
2021,4,"PETICIONES, QUEJAS RECLAMOS O DENUNCIAS*",81980.0
2021,5,"PETICIONES, QUEJAS RECLAMOS O DENUNCIAS*",72385.0
2021,6,"PETICIONES, QUEJAS RECLAMOS O DENUNCIAS*",81817.0
2021,7,"PETICIONES, QUEJAS RECLAMOS O DENUNCIAS*",87779.0
2021,8,"PETICIONES, QUEJAS RECLAMOS O DENUNCIAS*",90663.0
2021,9,"PETICIONES, QUEJAS RECLAMOS O DENUNCIAS*",95124.0
2021,10,"PETICIONES, QUEJAS RECLAMOS O DENUNCIAS*",85871.0
2021,11,"PETICIONES, QUEJAS RECLAMOS O DENUNCIAS*",93356.0
2021,12,"PETICIONES, QUEJAS RECLAMOS O DENUNCIAS*",50838.0
2021,1,SOLICITUD DE INFORMACIÓN,103479.0
2021,2,SOLICITUD DE INFORMACIÓN,102699.0
2021,3,SOLICITUD DE INFORMACIÓN,124211.0
2021,4,SOLICITUD DE INFORMACIÓN,124968.0
2021,5,SOLICITUD DE INFORMACIÓN,118796.0
2021,6,SOLICITUD DE INFORMACIÓN,130479.0
2021,7,SOLICITUD DE INFORMACIÓN,115725.0
2021,8,SOLICITUD DE INFORMACIÓN,121166.0
2021,9,SOLICITUD DE INFORMACIÓN,120977.0
2021,10,SOLICITUD DE INFORMACIÓN,101777.0
2021,11,SOLICITUD DE INFORMACIÓN,119061.0
2021,12,SOLICITUD DE INFORMACIÓN,64751.0
2021,1,TOTAL,176273.0
2021,2,TOTAL,180456.0
2021,3,TOTAL,209304.0
2021,4,TOTAL,206948.0
2021,5,TOTAL,191181.0
2021,6,TOTAL,212296.0
2021,7,TOTAL,203504.0
2021,8,TOTAL,211829.0
2021,9,TOTAL,216101.0
2021,10,TOTAL,187648.0
2021,11,TOTAL,212417.0
2021,12,TOTAL,115589.0
2022,1,"PETICIONES, QUEJAS RECLAMOS O DENUNCIAS*",87711.0
2022,2,"PETICIONES, QUEJAS RECLAMOS O DENUNCIAS*",93302.0
2022,3,"PETICIONES, QUEJAS RECLAMOS O DENUNCIAS*",109854.0
2022,4,"PETICIONES, QUEJAS RECLAMOS O DENUNCIAS*",96161.0
2022,5,"PETICIONES, QUEJAS RECLAMOS O DENUNCIAS*",110567.0
2022,6,"PETICIONES, QUEJAS RECLAMOS O DENUNCIAS*",105620.0
2022,7,"PETICIONES, QUEJAS RECLAMOS O DENUNCIAS*",114698.0
2022,8,"PETICIONES, QUEJAS RECLAMOS O DENUNCIAS*",108195.0
2022,9,"PETICIONES, QUEJAS RECLAMOS O DENUNCIAS*",111578.0
2022,10,"PETICIONES, QUEJAS RECLAMOS O DENUNCIAS*",105340.0
2022,11,"PETICIONES, QUEJAS RECLAMOS O DENUNCIAS*",108863.0
2022,12,"PETICIONES, QUEJAS RECLAMOS O DENUNCIAS*",95248.0
2022,1,SOLICITUD DE INFORMACIÓN,96453.0
2022,2,SOLICITUD DE INFORMACIÓN,98505.0
2022,3,SOLICITUD DE INFORMACIÓN,113791.0
2022,4,SOLICITUD DE INFORMACIÓN,98255.0
2022,5,SOLICITUD DE INFORMACIÓN,112439.0
2022,6,SOLICITUD DE INFORMACIÓN,103897.0
2022,7,SOLICITUD DE INFORMACIÓN,107646.0
2022,8,SOLICITUD DE INFORMACIÓN,102467.0
2022,9,SOLICITUD DE INFORMACIÓN,97209.0
2022,10,SOLICITUD DE INFORMACIÓN,86283.0
2022,11,SOLICITUD DE INFORMACIÓN,87550.0
2022,12,SOLICITUD DE INFORMACIÓN,87804.0
2022,1,TOTAL,184164.0
2022,2,TOTAL,191807.0
2022,3,TOTAL,223645.0
2022,4,TOTAL,194416.0
2022,5,TOTAL,223006.0
2022,6,TOTAL,209517.0
2022,7,TOTAL,222344.0
2022,8,TOTAL,210662.0
2022,9,TOTAL,208787.0
2022,10,TOTAL,191623.0
2022,11,TOTAL,196413.0
2022,12,TOTAL,183052.0
2023,1,RECLAMOS EN SALUD,104644.0
2023,2,RECLAMOS EN SALUD,112120.0
2023,3,RECLAMOS EN SALUD,127873.0
2023,4,RECLAMOS EN SALUD,109913.0
2023,5,RECLAMOS EN SALUD,126401.0
2023,6,RECLAMOS EN SALUD,119573.0
2023,7,RECLAMOS EN SALUD,116031.0
2023,8,RECLAMOS EN SALUD,129984.0
2023,9,RECLAMOS EN SALUD,128894.0
2023,10,RECLAMOS EN SALUD,136090.0
2023,11,RECLAMOS EN SALUD,122621.0
2023,12,RECLAMOS EN SALUD,83077.0
2023,1,SOLICITUD DE INFORMACIÓN,92499.0
2023,2,SOLICITUD DE INFORMACIÓN,94545.0
2023,3,SOLICITUD DE INFORMACIÓN,111242.0
2023,4,SOLICITUD DE INFORMACIÓN,96365.0
2023,5,SOLICITUD DE INFORMACIÓN,105405.0
2023,6,SOLICITUD DE INFORMACIÓN,98100.0
2023,7,SOLICITUD DE INFORMACIÓN,94140.0
2023,8,SOLICITUD DE INFORMACIÓN,100602.0
2023,9,SOLICITUD DE INFORMACIÓN,98968.0
2023,10,SOLICITUD DE INFORMACIÓN,105853.0
2023,11,SOLICITUD DE INFORMACIÓN,91876.0
2023,12,SOLICITUD DE INFORMACIÓN,55713.0
2023,1,TOTAL,197143.0
2023,2,TOTAL,206665.0
2023,3,TOTAL,239115.0
2023,4,TOTAL,206278.0
2023,5,TOTAL,231806.0
2023,6,TOTAL,217673.0
2023,7,TOTAL,210171.0
2023,8,TOTAL,230586.0
2023,9,TOTAL,227862.0
2023,10,TOTAL,241943.0
2023,11,TOTAL,214497.0
2023,12,TOTAL,138790.0
2024,1,RECLAMOS EN SALUD,110994.0
2024,2,RECLAMOS EN SALUD,120943.0
2024,3,RECLAMOS EN SALUD,119787.0
2024,4,RECLAMOS EN SALUD,154267.0
2024,5,RECLAMOS EN SALUD,146002.0
2024,6,RECLAMOS EN SALUD,129608.0
2024,7,RECLAMOS EN SALUD,146667.0
2024,8,RECLAMOS EN SALUD,144558.0
2024,9,RECLAMOS EN SALUD,159436.0
2024,10,RECLAMOS EN SALUD,186192.0
2024,11,RECLAMOS EN SALUD,165976.0
2024,12,RECLAMOS EN SALUD,143639.0
2024,1,SOLICITUD DE INFORMACIÓN,72807.0
2024,2,SOLICITUD DE INFORMACIÓN,82527.0
2024,3,SOLICITUD DE INFORMACIÓN,83790.0
2024,4,SOLICITUD DE INFORMACIÓN,101872.0
2024,5,SOLICITUD DE INFORMACIÓN,102016.0
2024,6,SOLICITUD DE INFORMACIÓN,90375.0
2024,7,SOLICITUD DE INFORMACIÓN,101590.0
2024,8,SOLICITUD DE INFORMACIÓN,90655.0
2024,9,SOLICITUD DE INFORMACIÓN,98580.0
2024,10,SOLICITUD DE INFORMACIÓN,108608.0
2024,11,SOLICITUD DE INFORMACIÓN,107154.0
2024,12,SOLICITUD DE INFORMACIÓN,112315.0
2024,1,TOTAL,183801.0
2024,2,TOTAL,203470.0
2024,3,TOTAL,203577.0
2024,4,TOTAL,256139.0
2024,5,TOTAL,248018.0
2024,6,TOTAL,219983.0
2024,7,TOTAL,248257.0
2024,8,TOTAL,235213.0
2024,9,TOTAL,258016.0
2024,10,TOTAL,294800.0
2024,11,TOTAL,273130.0
2024,12,TOTAL,255954.0
2025,1,RECLAMOS EN SALUD,172194.0
2025,2,RECLAMOS EN SALUD,167708.0
2025,3,RECLAMOS EN SALUD,179346.0
2025,4,RECLAMOS EN SALUD,168532.0
2025,5,RECLAMOS EN SALUD,187832.0
2025,6,RECLAMOS EN SALUD,163994.0
2025,7,RECLAMOS EN SALUD,211234.0
2025,8,RECLAMOS EN SALUD,167126.0
2025,9,RECLAMOS EN SALUD,219416.0
2025,10,RECLAMOS EN SALUD,210310.0
2025,11,RECLAMOS EN SALUD,181133.0
2025,12,RECLAMOS EN SALUD,153386.0
2025,1,SOLICITUD DE INFORMACIÓN,124938.0
2025,2,SOLICITUD DE INFORMACIÓN,122232.0
2025,3,SOLICITUD DE INFORMACIÓN,124682.0
2025,4,SOLICITUD DE INFORMACIÓN,118315.0
2025,5,SOLICITUD DE INFORMACIÓN,126162.0
2025,6,SOLICITUD DE INFORMACIÓN,107589.0
2025,7,SOLICITUD DE INFORMACIÓN,122473.0
2025,8,SOLICITUD DE INFORMACIÓN,109018.0
2025,9,SOLICITUD DE INFORMACIÓN,139643.0
2025,10,SOLICITUD DE INFORMACIÓN,145502.0
2025,11,SOLICITUD DE INFORMACIÓN,127963.0
2025,12,SOLICITUD DE INFORMACIÓN,122877.0
2025,1,TOTAL,297132.0
2025,2,TOTAL,289940.0
2025,3,TOTAL,304028.0
2025,4,TOTAL,286847.0
2025,5,TOTAL,313994.0
2025,6,TOTAL,271583.0
2025,7,TOTAL,333707.0
2025,8,TOTAL,276144.0
2025,9,TOTAL,359059.0
2025,10,TOTAL,355812.0
2025,11,TOTAL,309096.0
2025,12,TOTAL,276263.0
2026,1,RECLAMOS EN SALUD,171702.0
2026,2,RECLAMOS EN SALUD,181279.0
2026,3,RECLAMOS EN SALUD,196927.0
2026,4,RECLAMOS EN SALUD,192852.0
2026,5,RECLAMOS EN SALUD,184792.0
2026,6,RECLAMOS EN SALUD,183421.0
2026,7,RECLAMOS EN SALUD,199475.0
2026,8,RECLAMOS EN SALUD,
2026,9,RECLAMOS EN SALUD,
2026,10,RECLAMOS EN SALUD,
2026,11,RECLAMOS EN SALUD,
2026,12,RECLAMOS EN SALUD,
2026,1,SOLICITUD DE INFORMACIÓN,127693.0
2026,2,SOLICITUD DE INFORMACIÓN,135202.0
2026,3,SOLICITUD DE INFORMACIÓN,150328.0
2026,4,SOLICITUD DE INFORMACIÓN,144971.0
2026,5,SOLICITUD DE INFORMACIÓN,138895.0
2026,6,SOLICITUD DE INFORMACIÓN,134701.0
2026,7,SOLICITUD DE INFORMACIÓN,143823.0
2026,8,SOLICITUD DE INFORMACIÓN,
2026,9,SOLICITUD DE INFORMACIÓN,
2026,10,SOLICITUD DE INFORMACIÓN,
2026,11,SOLICITUD DE INFORMACIÓN,
2026,12,SOLICITUD DE INFORMACIÓN,
2026,1,TOTAL,299395.0
2026,2,TOTAL,316481.0
2026,3,TOTAL,347255.0
2026,4,TOTAL,337823.0
2026,5,TOTAL,323687.0
2026,6,TOTAL,318122.0
2026,7,TOTAL,343298.0
2026,8,TOTAL,0.0
2026,9,TOTAL,0.0
2026,10,TOTAL,0.0
2026,11,TOTAL,0.0
2026,12,TOTAL,0.0
