periodo,grupo,categoria,sexo,respuesta,pct,li,ls,cve
septiembre 2024 - agosto 2025,Total nacional,Total nacional,Hombre,Está muy en desacuerdo,33.1,32.2,33.9,1.3
septiembre 2024 - agosto 2025,Total nacional,Total nacional,Hombre,Está en desacuerdo,13.1,12.5,13.7,2.3
septiembre 2024 - agosto 2025,Total nacional,Total nacional,Hombre,Está de acuerdo,12.9,12.4,13.5,2.1999999999999997
septiembre 2024 - agosto 2025,Total nacional,Total nacional,Hombre,Está muy de acuerdo,36.9,36.1,37.7,1.0999999999999999
septiembre 2024 - agosto 2025,Total nacional,Total nacional,Hombre,No sabe/No responde,3.9,3.7,4.2,3.3000000000000003
septiembre 2024 - agosto 2025,Total nacional,Total nacional,Mujer,Está muy en desacuerdo,45.6,44.8,46.4,0.8999999999999999
septiembre 2024 - agosto 2025,Total nacional,Total nacional,Mujer,Está en desacuerdo,14.0,13.4,14.5,2.0
septiembre 2024 - agosto 2025,Total nacional,Total nacional,Mujer,Está de acuerdo,10.9,10.5,11.4,2.1
septiembre 2024 - agosto 2025,Total nacional,Total nacional,Mujer,Está muy de acuerdo,26.7,25.9,27.4,1.4000000000000001
septiembre 2024 - agosto 2025,Total nacional,Total nacional,Mujer,No sabe/No responde,2.8,2.6,3.0,3.4000000000000004
septiembre 2024 - agosto 2025,Dominio geográfico,Cabeceras municipales,Hombre,Está muy en desacuerdo,37.5,36.5,38.5,1.4000000000000001
septiembre 2024 - agosto 2025,Dominio geográfico,Cabeceras municipales,Hombre,Está en desacuerdo,13.3,12.6,14.1,2.7
septiembre 2024 - agosto 2025,Dominio geográfico,Cabeceras municipales,Hombre,Está de acuerdo,11.8,11.1,12.4,2.9000000000000004
septiembre 2024 - agosto 2025,Dominio geográfico,Cabeceras municipales,Hombre,Está muy de acuerdo,33.8,32.9,34.8,1.5
septiembre 2024 - agosto 2025,Dominio geográfico,Cabeceras municipales,Hombre,No sabe/No responde,3.5,3.3,3.8,4.0
septiembre 2024 - agosto 2025,Dominio geográfico,Cabeceras municipales,Mujer,Está muy en desacuerdo,49.2,48.2,50.1,1.0
septiembre 2024 - agosto 2025,Dominio geográfico,Cabeceras municipales,Mujer,Está en desacuerdo,13.7,13.1,14.4,2.4
septiembre 2024 - agosto 2025,Dominio geográfico,Cabeceras municipales,Mujer,Está de acuerdo,9.8,9.3,10.3,2.7
septiembre 2024 - agosto 2025,Dominio geográfico,Cabeceras municipales,Mujer,Está muy de acuerdo,24.7,23.9,25.5,1.7000000000000002
septiembre 2024 - agosto 2025,Dominio geográfico,Cabeceras municipales,Mujer,No sabe/No responde,2.6,2.4,2.8,4.1000000000000005
septiembre 2024 - agosto 2025,Dominio geográfico,Centros poblados y rural disperso,Hombre,Está muy en desacuerdo,18.6,17.5,19.7,3.1
septiembre 2024 - agosto 2025,Dominio geográfico,Centros poblados y rural disperso,Hombre,Está en desacuerdo,12.4,11.5,13.3,3.5999999999999996
septiembre 2024 - agosto 2025,Dominio geográfico,Centros poblados y rural disperso,Hombre,Está de acuerdo,16.8,15.8,17.8,3.1
septiembre 2024 - agosto 2025,Dominio geográfico,Centros poblados y rural disperso,Hombre,Está muy de acuerdo,47.0,45.4,48.5,1.7000000000000002
septiembre 2024 - agosto 2025,Dominio geográfico,Centros poblados y rural disperso,Hombre,No sabe/No responde,5.3,4.7,5.8,5.7
septiembre 2024 - agosto 2025,Dominio geográfico,Centros poblados y rural disperso,Mujer,Está muy en desacuerdo,31.7,30.5,33.0,2.0
septiembre 2024 - agosto 2025,Dominio geográfico,Centros poblados y rural disperso,Mujer,Está en desacuerdo,14.8,13.8,15.9,3.6999999999999997
septiembre 2024 - agosto 2025,Dominio geográfico,Centros poblados y rural disperso,Mujer,Está de acuerdo,15.4,14.4,16.4,3.3000000000000003
septiembre 2024 - agosto 2025,Dominio geográfico,Centros poblados y rural disperso,Mujer,Está muy de acuerdo,34.2,32.8,35.6,2.1
septiembre 2024 - agosto 2025,Dominio geográfico,Centros poblados y rural disperso,Mujer,No sabe/No responde,3.8,3.4,4.3,6.0
septiembre 2024 - agosto 2025,Regiones,Caribe,Hombre,Está muy en desacuerdo,17.2,16.2,18.3,3.1
septiembre 2024 - agosto 2025,Regiones,Caribe,Hombre,Está en desacuerdo,11.2,10.3,12.1,4.3
septiembre 2024 - agosto 2025,Regiones,Caribe,Hombre,Está de acuerdo,13.7,12.8,14.5,3.3000000000000003
septiembre 2024 - agosto 2025,Regiones,Caribe,Hombre,Está muy de acuerdo,53.6,52.2,55.0,1.3
septiembre 2024 - agosto 2025,Regiones,Caribe,Hombre,No sabe/No responde,4.3,3.8,4.9,6.5
septiembre 2024 - agosto 2025,Regiones,Caribe,Mujer,Está muy en desacuerdo,30.1,28.9,31.2,1.9
septiembre 2024 - agosto 2025,Regiones,Caribe,Mujer,Está en desacuerdo,14.9,13.9,16.0,3.5000000000000004
septiembre 2024 - agosto 2025,Regiones,Caribe,Mujer,Está de acuerdo,13.2,12.4,14.0,3.1
septiembre 2024 - agosto 2025,Regiones,Caribe,Mujer,Está muy de acuerdo,38.3,37.1,39.6,1.6
septiembre 2024 - agosto 2025,Regiones,Caribe,Mujer,No sabe/No responde,3.4,3.0,3.9,6.800000000000001
septiembre 2024 - agosto 2025,Regiones,Central,Hombre,Está muy en desacuerdo,32.7,31.2,34.3,2.4
septiembre 2024 - agosto 2025,Regiones,Central,Hombre,Está en desacuerdo,15.6,14.3,16.9,4.3
septiembre 2024 - agosto 2025,Regiones,Central,Hombre,Está de acuerdo,16.7,15.4,18.0,4.0
septiembre 2024 - agosto 2025,Regiones,Central,Hombre,Está muy de acuerdo,31.6,29.9,33.3,2.7
septiembre 2024 - agosto 2025,Regiones,Central,Hombre,No sabe/No responde,3.4,2.9,3.9,7.5
septiembre 2024 - agosto 2025,Regiones,Central,Mujer,Está muy en desacuerdo,44.2,42.5,45.8,1.9
septiembre 2024 - agosto 2025,Regiones,Central,Mujer,Está en desacuerdo,15.9,14.5,17.3,4.3999999999999995
septiembre 2024 - agosto 2025,Regiones,Central,Mujer,Está de acuerdo,13.8,12.7,14.8,4.0
septiembre 2024 - agosto 2025,Regiones,Central,Mujer,Está muy de acuerdo,23.9,22.5,25.2,2.8000000000000003
septiembre 2024 - agosto 2025,Regiones,Central,Mujer,No sabe/No responde,2.3,2.0,2.6,7.3
septiembre 2024 - agosto 2025,Regiones,Oriental,Hombre,Está muy en desacuerdo,37.0,34.3,39.7,3.6999999999999997
septiembre 2024 - agosto 2025,Regiones,Oriental,Hombre,Está en desacuerdo,12.9,11.4,14.5,6.2
septiembre 2024 - agosto 2025,Regiones,Oriental,Hombre,Está de acuerdo,11.7,10.2,13.3,6.7
septiembre 2024 - agosto 2025,Regiones,Oriental,Hombre,Está muy de acuerdo,34.3,32.3,36.3,2.9000000000000004
septiembre 2024 - agosto 2025,Regiones,Oriental,Hombre,No sabe/No responde,4.0,3.5,4.6,6.6000000000000005
septiembre 2024 - agosto 2025,Regiones,Oriental,Mujer,Está muy en desacuerdo,52.2,50.0,54.5,2.1999999999999997
septiembre 2024 - agosto 2025,Regiones,Oriental,Mujer,Está en desacuerdo,13.3,12.1,14.5,4.7
septiembre 2024 - agosto 2025,Regiones,Oriental,Mujer,Está de acuerdo,9.4,8.2,10.6,6.5
septiembre 2024 - agosto 2025,Regiones,Oriental,Mujer,Está muy de acuerdo,22.8,20.9,24.6,4.1000000000000005
septiembre 2024 - agosto 2025,Regiones,Oriental,Mujer,No sabe/No responde,2.3,2.0,2.7,7.3999999999999995
septiembre 2024 - agosto 2025,Regiones,Pacífica,Hombre,Está muy en desacuerdo,24.9,23.1,26.8,3.8
septiembre 2024 - agosto 2025,Regiones,Pacífica,Hombre,Está en desacuerdo,11.6,10.3,13.0,5.800000000000001
septiembre 2024 - agosto 2025,Regiones,Pacífica,Hombre,Está de acuerdo,12.9,11.4,14.4,6.0
septiembre 2024 - agosto 2025,Regiones,Pacífica,Hombre,Está muy de acuerdo,44.9,42.0,47.7,3.2
septiembre 2024 - agosto 2025,Regiones,Pacífica,Hombre,No sabe/No responde,5.7,4.9,6.4,6.4
septiembre 2024 - agosto 2025,Regiones,Pacífica,Mujer,Está muy en desacuerdo,39.7,37.6,41.9,2.8000000000000003
septiembre 2024 - agosto 2025,Regiones,Pacífica,Mujer,Está en desacuerdo,11.9,10.5,13.3,5.8999999999999995
septiembre 2024 - agosto 2025,Regiones,Pacífica,Mujer,Está de acuerdo,10.1,9.0,11.2,5.7
septiembre 2024 - agosto 2025,Regiones,Pacífica,Mujer,Está muy de acuerdo,33.8,31.5,36.2,3.5999999999999996
septiembre 2024 - agosto 2025,Regiones,Pacífica,Mujer,No sabe/No responde,4.4,3.8,5.0,6.800000000000001
septiembre 2024 - agosto 2025,Regiones,Bogotá,Hombre,Está muy en desacuerdo,59.6,57.7,61.6,1.7000000000000002
septiembre 2024 - agosto 2025,Regiones,Bogotá,Hombre,Está en desacuerdo,13.8,12.5,15.1,4.7
septiembre 2024 - agosto 2025,Regiones,Bogotá,Hombre,Está de acuerdo,7.6,6.8,8.4,5.6000000000000005
septiembre 2024 - agosto 2025,Regiones,Bogotá,Hombre,Está muy de acuerdo,16.7,15.5,17.8,3.5999999999999996
septiembre 2024 - agosto 2025,Regiones,Bogotá,Hombre,No sabe/No responde,2.3,1.7,2.9,12.5
septiembre 2024 - agosto 2025,Regiones,Bogotá,Mujer,Está muy en desacuerdo,67.2,65.5,68.9,1.3
septiembre 2024 - agosto 2025,Regiones,Bogotá,Mujer,Está en desacuerdo,12.6,11.5,13.7,4.6
septiembre 2024 - agosto 2025,Regiones,Bogotá,Mujer,Está de acuerdo,6.1,5.4,6.7,5.4
septiembre 2024 - agosto 2025,Regiones,Bogotá,Mujer,Está muy de acuerdo,12.4,11.4,13.4,4.1000000000000005
septiembre 2024 - agosto 2025,Regiones,Bogotá,Mujer,No sabe/No responde,1.7,1.3,2.1,12.4
septiembre 2024 - agosto 2025,Regiones,San Andrés,Hombre,Está muy en desacuerdo,28.5,24.8,32.3,6.7
septiembre 2024 - agosto 2025,Regiones,San Andrés,Hombre,Está en desacuerdo,2.4,1.3,3.5,22.7
septiembre 2024 - agosto 2025,Regiones,San Andrés,Hombre,Está de acuerdo,11.8,9.2,14.5,11.3
septiembre 2024 - agosto 2025,Regiones,San Andrés,Hombre,Está muy de acuerdo,19.4,16.6,22.1,7.3
septiembre 2024 - agosto 2025,Regiones,San Andrés,Hombre,No sabe/No responde,37.8,34.6,41.1,4.3999999999999995
septiembre 2024 - agosto 2025,Regiones,San Andrés,Mujer,Está muy en desacuerdo,47.5,44.3,50.7,3.4000000000000004
septiembre 2024 - agosto 2025,Regiones,San Andrés,Mujer,Está en desacuerdo,2.9,1.8,4.1,19.7
septiembre 2024 - agosto 2025,Regiones,San Andrés,Mujer,Está de acuerdo,10.3,7.8,12.8,12.3
septiembre 2024 - agosto 2025,Regiones,San Andrés,Mujer,Está muy de acuerdo,18.8,16.1,21.5,7.3999999999999995
septiembre 2024 - agosto 2025,Regiones,San Andrés,Mujer,No sabe/No responde,20.5,17.8,23.2,6.6000000000000005
septiembre 2024 - agosto 2025,Grupos de edad,De 10 a 17 años,Hombre,Está muy en desacuerdo,32.2,30.3,34.1,3.0
septiembre 2024 - agosto 2025,Grupos de edad,De 10 a 17 años,Hombre,Está en desacuerdo,10.8,9.7,12.0,5.5
septiembre 2024 - agosto 2025,Grupos de edad,De 10 a 17 años,Hombre,Está de acuerdo,12.5,11.3,13.7,5.0
septiembre 2024 - agosto 2025,Grupos de edad,De 10 a 17 años,Hombre,Está muy de acuerdo,33.9,32.1,35.7,2.7
septiembre 2024 - agosto 2025,Grupos de edad,De 10 a 17 años,Hombre,No sabe/No responde,10.6,9.6,11.6,4.9
septiembre 2024 - agosto 2025,Grupos de edad,De 10 a 17 años,Mujer,Está muy en desacuerdo,43.8,41.8,45.8,2.3
septiembre 2024 - agosto 2025,Grupos de edad,De 10 a 17 años,Mujer,Está en desacuerdo,12.6,11.4,13.8,4.8
septiembre 2024 - agosto 2025,Grupos de edad,De 10 a 17 años,Mujer,Está de acuerdo,10.1,9.2,11.0,4.8
septiembre 2024 - agosto 2025,Grupos de edad,De 10 a 17 años,Mujer,Está muy de acuerdo,25.5,23.7,27.2,3.5000000000000004
septiembre 2024 - agosto 2025,Grupos de edad,De 10 a 17 años,Mujer,No sabe/No responde,8.0,7.1,8.9,5.7
septiembre 2024 - agosto 2025,Grupos de edad,De 18 a 29 años,Hombre,Está muy en desacuerdo,38.8,37.3,40.3,1.9
septiembre 2024 - agosto 2025,Grupos de edad,De 18 a 29 años,Hombre,Está en desacuerdo,13.6,12.6,14.5,3.5999999999999996
septiembre 2024 - agosto 2025,Grupos de edad,De 18 a 29 años,Hombre,Está de acuerdo,13.2,12.1,14.3,4.3
septiembre 2024 - agosto 2025,Grupos de edad,De 18 a 29 años,Hombre,Está muy de acuerdo,31.9,30.5,33.2,2.1
septiembre 2024 - agosto 2025,Grupos de edad,De 18 a 29 años,Hombre,No sabe/No responde,2.6,2.3,2.9,6.5
septiembre 2024 - agosto 2025,Grupos de edad,De 18 a 29 años,Mujer,Está muy en desacuerdo,50.1,48.5,51.7,1.6
septiembre 2024 - agosto 2025,Grupos de edad,De 18 a 29 años,Mujer,Está en desacuerdo,14.9,13.8,16.0,3.6999999999999997
septiembre 2024 - agosto 2025,Grupos de edad,De 18 a 29 años,Mujer,Está de acuerdo,10.4,9.5,11.4,4.6
septiembre 2024 - agosto 2025,Grupos de edad,De 18 a 29 años,Mujer,Está muy de acuerdo,22.6,21.3,23.9,3.0
septiembre 2024 - agosto 2025,Grupos de edad,De 18 a 29 años,Mujer,No sabe/No responde,2.0,1.6,2.3,8.4
septiembre 2024 - agosto 2025,Grupos de edad,De 30 a 39 años,Hombre,Está muy en desacuerdo,36.8,35.2,38.5,2.1999999999999997
septiembre 2024 - agosto 2025,Grupos de edad,De 30 a 39 años,Hombre,Está en desacuerdo,14.4,13.3,15.4,3.8
septiembre 2024 - agosto 2025,Grupos de edad,De 30 a 39 años,Hombre,Está de acuerdo,11.8,10.8,12.8,4.3
septiembre 2024 - agosto 2025,Grupos de edad,De 30 a 39 años,Hombre,Está muy de acuerdo,34.3,32.8,35.8,2.1999999999999997
septiembre 2024 - agosto 2025,Grupos de edad,De 30 a 39 años,Hombre,No sabe/No responde,2.8,2.3,3.2,8.200000000000001
septiembre 2024 - agosto 2025,Grupos de edad,De 30 a 39 años,Mujer,Está muy en desacuerdo,50.3,48.6,51.9,1.7000000000000002
septiembre 2024 - agosto 2025,Grupos de edad,De 30 a 39 años,Mujer,Está en desacuerdo,14.1,13.1,15.1,3.5999999999999996
septiembre 2024 - agosto 2025,Grupos de edad,De 30 a 39 años,Mujer,Está de acuerdo,11.1,10.1,12.2,4.8
septiembre 2024 - agosto 2025,Grupos de edad,De 30 a 39 años,Mujer,Está muy de acuerdo,22.8,21.5,24.1,2.9000000000000004
septiembre 2024 - agosto 2025,Grupos de edad,De 30 a 39 años,Mujer,No sabe/No responde,1.7,1.4,2.0,8.3
septiembre 2024 - agosto 2025,Grupos de edad,De 40 a 49 años,Hombre,Está muy en desacuerdo,32.6,30.9,34.3,2.6
septiembre 2024 - agosto 2025,Grupos de edad,De 40 a 49 años,Hombre,Está en desacuerdo,14.0,12.8,15.2,4.3
septiembre 2024 - agosto 2025,Grupos de edad,De 40 a 49 años,Hombre,Está de acuerdo,13.2,12.0,14.5,4.9
septiembre 2024 - agosto 2025,Grupos de edad,De 40 a 49 años,Hombre,Está muy de acuerdo,38.1,36.3,39.9,2.5
septiembre 2024 - agosto 2025,Grupos de edad,De 40 a 49 años,Hombre,No sabe/No responde,2.1,1.7,2.5,9.8
septiembre 2024 - agosto 2025,Grupos de edad,De 40 a 49 años,Mujer,Está muy en desacuerdo,46.3,44.5,48.0,1.9
septiembre 2024 - agosto 2025,Grupos de edad,De 40 a 49 años,Mujer,Está en desacuerdo,14.2,13.1,15.4,4.0
septiembre 2024 - agosto 2025,Grupos de edad,De 40 a 49 años,Mujer,Está de acuerdo,11.6,10.5,12.8,5.0
septiembre 2024 - agosto 2025,Grupos de edad,De 40 a 49 años,Mujer,Está muy de acuerdo,26.3,24.8,27.8,2.9000000000000004
septiembre 2024 - agosto 2025,Grupos de edad,De 40 a 49 años,Mujer,No sabe/No responde,1.6,1.3,1.8,9.0
septiembre 2024 - agosto 2025,Grupos de edad,De 50 a 59 años,Hombre,Está muy en desacuerdo,30.1,28.5,31.7,2.7
septiembre 2024 - agosto 2025,Grupos de edad,De 50 a 59 años,Hombre,Está en desacuerdo,13.6,11.7,15.5,7.1
septiembre 2024 - agosto 2025,Grupos de edad,De 50 a 59 años,Hombre,Está de acuerdo,13.4,12.0,14.8,5.3
septiembre 2024 - agosto 2025,Grupos de edad,De 50 a 59 años,Hombre,Está muy de acuerdo,40.5,38.4,42.6,2.7
septiembre 2024 - agosto 2025,Grupos de edad,De 50 a 59 años,Hombre,No sabe/No responde,2.4,1.9,2.9,10.2
septiembre 2024 - agosto 2025,Grupos de edad,De 50 a 59 años,Mujer,Está muy en desacuerdo,45.7,44.1,47.4,1.7999999999999998
septiembre 2024 - agosto 2025,Grupos de edad,De 50 a 59 años,Mujer,Está en desacuerdo,13.9,12.8,15.0,3.9
septiembre 2024 - agosto 2025,Grupos de edad,De 50 a 59 años,Mujer,Está de acuerdo,11.4,10.3,12.4,4.7
septiembre 2024 - agosto 2025,Grupos de edad,De 50 a 59 años,Mujer,Está muy de acuerdo,27.4,25.9,28.8,2.7
septiembre 2024 - agosto 2025,Grupos de edad,De 50 a 59 años,Mujer,No sabe/No responde,1.6,1.3,1.9,9.4
septiembre 2024 - agosto 2025,Grupos de edad,De 60 a 75 años,Hombre,Está muy en desacuerdo,27.0,25.6,28.4,2.7
septiembre 2024 - agosto 2025,Grupos de edad,De 60 a 75 años,Hombre,Está en desacuerdo,12.7,11.7,13.8,4.2
septiembre 2024 - agosto 2025,Grupos de edad,De 60 a 75 años,Hombre,Está de acuerdo,13.8,12.4,15.1,4.9
septiembre 2024 - agosto 2025,Grupos de edad,De 60 a 75 años,Hombre,Está muy de acuerdo,43.7,42.2,45.2,1.7999999999999998
septiembre 2024 - agosto 2025,Grupos de edad,De 60 a 75 años,Hombre,No sabe/No responde,2.8,2.3,3.3,9.3
septiembre 2024 - agosto 2025,Grupos de edad,De 60 a 75 años,Mujer,Está muy en desacuerdo,39.7,38.3,41.1,1.7999999999999998
septiembre 2024 - agosto 2025,Grupos de edad,De 60 a 75 años,Mujer,Está en desacuerdo,13.7,12.7,14.7,3.6999999999999997
septiembre 2024 - agosto 2025,Grupos de edad,De 60 a 75 años,Mujer,Está de acuerdo,11.0,10.1,11.8,4.1000000000000005
septiembre 2024 - agosto 2025,Grupos de edad,De 60 a 75 años,Mujer,Está muy de acuerdo,33.8,32.4,35.2,2.1
septiembre 2024 - agosto 2025,Grupos de edad,De 60 a 75 años,Mujer,No sabe/No responde,1.8,1.5,2.1,8.4
septiembre 2024 - agosto 2025,Grupos de edad,De 76 años y más,Hombre,Está muy en desacuerdo,19.4,17.2,21.6,5.7
septiembre 2024 - agosto 2025,Grupos de edad,De 76 años y más,Hombre,Está en desacuerdo,10.4,8.5,12.3,9.5
septiembre 2024 - agosto 2025,Grupos de edad,De 76 años y más,Hombre,Está de acuerdo,13.5,11.6,15.4,7.000000000000001
septiembre 2024 - agosto 2025,Grupos de edad,De 76 años y más,Hombre,Está muy de acuerdo,49.9,47.2,52.6,2.8000000000000003
septiembre 2024 - agosto 2025,Grupos de edad,De 76 años y más,Hombre,No sabe/No responde,6.8,5.3,8.2,10.8
septiembre 2024 - agosto 2025,Grupos de edad,De 76 años y más,Mujer,Está muy en desacuerdo,29.0,26.4,31.6,4.5
septiembre 2024 - agosto 2025,Grupos de edad,De 76 años y más,Mujer,Está en desacuerdo,12.8,11.1,14.5,6.800000000000001
septiembre 2024 - agosto 2025,Grupos de edad,De 76 años y más,Mujer,Está de acuerdo,11.0,9.5,12.5,7.1
septiembre 2024 - agosto 2025,Grupos de edad,De 76 años y más,Mujer,Está muy de acuerdo,39.9,37.5,42.3,3.1
septiembre 2024 - agosto 2025,Grupos de edad,De 76 años y más,Mujer,No sabe/No responde,7.3,6.2,8.5,7.7
septiembre 2020 - agosto 2021,Total nacional,Total nacional,Hombre,Está muy en desacuerdo,36.534177698513446,35.76159988881792,37.30675550820898,1.0789139833343313
septiembre 2020 - agosto 2021,Total nacional,Total nacional,Hombre,Está en desacuerdo,13.447728239115564,12.94126347145882,13.954193006772309,1.921517055274747
septiembre 2020 - agosto 2021,Total nacional,Total nacional,Hombre,Está de acuerdo,12.995880196570637,12.479250607471199,13.51250978567007,2.0282314169092452
septiembre 2020 - agosto 2021,Total nacional,Total nacional,Hombre,Está muy de acuerdo,30.548442369706883,29.83337445080046,31.26351028861331,1.1942689792668708
septiembre 2020 - agosto 2021,Total nacional,Total nacional,Hombre,No sabe/No responde,6.473771496093657,6.055830230965354,6.89171276122196,3.2938348145257126
septiembre 2020 - agosto 2021,Total nacional,Total nacional,Mujer,Está muy en desacuerdo,48.45243941171491,47.6845370382399,49.22034178518993,0.8086010322684152
septiembre 2020 - agosto 2021,Total nacional,Total nacional,Mujer,Está en desacuerdo,13.992563266144497,13.520240525257025,14.464886007031971,1.7222076160396824
septiembre 2020 - agosto 2021,Total nacional,Total nacional,Mujer,Está de acuerdo,11.404063707269929,10.932912422199587,11.875214992340272,2.1078741304831325
septiembre 2020 - agosto 2021,Total nacional,Total nacional,Mujer,Está muy de acuerdo,21.380028130491812,20.801421378904923,21.9586348820787,1.3807630397773965
septiembre 2020 - agosto 2021,Total nacional,Total nacional,Mujer,No sabe/No responde,4.770905484378393,4.446386736953224,5.0954242318035625,3.470426946095954
septiembre 2020 - agosto 2021,Dominio geográfico,Cabeceras municipales,Hombre,Está muy en desacuerdo,39.88517736405234,39.00754021078342,40.76281451732125,1.1226578076943308
septiembre 2020 - agosto 2021,Dominio geográfico,Cabeceras municipales,Hombre,Está en desacuerdo,14.117889379819983,13.558265875078229,14.67751288456174,2.0224141769019504
septiembre 2020 - agosto 2021,Dominio geográfico,Cabeceras municipales,Hombre,Está de acuerdo,12.484132247789818,11.92893257557217,13.039331920007466,2.269001427285461
septiembre 2020 - agosto 2021,Dominio geográfico,Cabeceras municipales,Hombre,Está muy de acuerdo,27.832587681233978,27.097157434894044,28.568017927573912,1.3481301765258866
septiembre 2020 - agosto 2021,Dominio geográfico,Cabeceras municipales,Hombre,No sabe/No responde,5.680213327103043,5.260564840389052,6.099861813817033,3.769336791469413
septiembre 2020 - agosto 2021,Dominio geográfico,Cabeceras municipales,Mujer,Está muy en desacuerdo,51.23297621075671,50.396860613917184,52.06909180759624,0.8326465135841219
septiembre 2020 - agosto 2021,Dominio geográfico,Cabeceras municipales,Mujer,Está en desacuerdo,14.320982412023008,13.793615220696145,14.848349603349872,1.8788158926040128
septiembre 2020 - agosto 2021,Dominio geográfico,Cabeceras municipales,Mujer,Está de acuerdo,10.5665102306247,10.08660469663928,11.046415764610122,2.317224484653568
septiembre 2020 - agosto 2021,Dominio geográfico,Cabeceras municipales,Mujer,Está muy de acuerdo,19.544926006909904,18.939468499105704,20.150383514714104,1.5804966037099644
septiembre 2020 - agosto 2021,Dominio geográfico,Cabeceras municipales,Mujer,No sabe/No responde,4.334605139686415,3.980281022361329,4.688929257011501,4.170566984867839
septiembre 2020 - agosto 2021,Dominio geográfico,Centros poblados y rural disperso,Hombre,Está muy en desacuerdo,25.907679672321905,24.366804351983692,27.448554992660114,3.0344704260160373
septiembre 2020 - agosto 2021,Dominio geográfico,Centros poblados y rural disperso,Hombre,Está en desacuerdo,11.322551650122964,10.11734203046343,12.527761269782497,5.430779970578038
septiembre 2020 - agosto 2021,Dominio geográfico,Centros poblados y rural disperso,Hombre,Está de acuerdo,14.618705953180132,13.295737593157982,15.941674313202284,4.6172613315840305
septiembre 2020 - agosto 2021,Dominio geográfico,Centros poblados y rural disperso,Hombre,Está muy de acuerdo,39.16080505755192,37.43423470589555,40.88737540920829,2.2494513055755725
septiembre 2020 - agosto 2021,Dominio geográfico,Centros poblados y rural disperso,Hombre,No sabe/No responde,8.99025766682264,7.8587378149880704,10.12177751865721,6.421462746110651
septiembre 2020 - agosto 2021,Dominio geográfico,Centros poblados y rural disperso,Mujer,Está muy en desacuerdo,37.86629887395886,36.126278367507666,39.60631938041005,2.3444740862340776
septiembre 2020 - agosto 2021,Dominio geográfico,Centros poblados y rural disperso,Mujer,Está en desacuerdo,12.742196346074541,11.683228628660244,13.801164063488839,4.24016109207448
septiembre 2020 - agosto 2021,Dominio geográfico,Centros poblados y rural disperso,Mujer,Está de acuerdo,14.592821653113758,13.179596965713111,16.006046340514406,4.9410115529095675
septiembre 2020 - agosto 2021,Dominio geográfico,Centros poblados y rural disperso,Mujer,Está muy de acuerdo,28.366682285931567,26.920908713260626,29.812455858602505,2.600373108346087
septiembre 2020 - agosto 2021,Dominio geográfico,Centros poblados y rural disperso,Mujer,No sabe/No responde,6.432000840920487,5.677941500528687,7.186060181312288,5.981407073417996
septiembre 2020 - agosto 2021,Regiones,Caribe,Hombre,Está muy en desacuerdo,13.324015359042809,12.32487537507404,14.323155343011578,3.8259134668234953
septiembre 2020 - agosto 2021,Regiones,Caribe,Hombre,Está en desacuerdo,13.086022155237211,12.11526826703006,14.056776043444364,3.784821622251628
septiembre 2020 - agosto 2021,Regiones,Caribe,Hombre,Está de acuerdo,15.8175347105627,14.717710630815015,16.917358790310384,3.5475486214070275
septiembre 2020 - agosto 2021,Regiones,Caribe,Hombre,Está muy de acuerdo,47.71524698314345,46.07552640972696,49.354967556559934,1.7533014752908453
septiembre 2020 - agosto 2021,Regiones,Caribe,Hombre,No sabe/No responde,10.05718079201375,9.058272625067557,11.056088958959942,5.067493908002945
septiembre 2020 - agosto 2021,Regiones,Caribe,Mujer,Está muy en desacuerdo,24.96358874056737,23.718154425570912,26.20902305556383,2.545409946943865
septiembre 2020 - agosto 2021,Regiones,Caribe,Mujer,Está en desacuerdo,17.365258673358035,16.269141679230962,18.46137566748511,3.2204724091357475
septiembre 2020 - agosto 2021,Regiones,Caribe,Mujer,Está de acuerdo,15.562523380199403,14.566475552445937,16.55857120795287,3.265458016067856
septiembre 2020 - agosto 2021,Regiones,Caribe,Mujer,Está muy de acuerdo,34.047455281037756,32.64566997872747,35.44924058334804,2.1005874797629547
septiembre 2020 - agosto 2021,Regiones,Caribe,Mujer,No sabe/No responde,8.061173924837506,7.237461222947901,8.884886626727111,5.2134042326249475
septiembre 2020 - agosto 2021,Regiones,Central,Hombre,Está muy en desacuerdo,49.60507230697036,47.76823559427047,51.44190901967024,1.8892454834311334
septiembre 2020 - agosto 2021,Regiones,Central,Hombre,Está en desacuerdo,10.407384474039434,9.613804896490276,11.200964051588592,3.8903870667588354
septiembre 2020 - agosto 2021,Regiones,Central,Hombre,Está de acuerdo,8.491766296349494,7.819773314096867,9.163759278602122,4.037482314146796
septiembre 2020 - agosto 2021,Regiones,Central,Hombre,Está muy de acuerdo,27.229286601473714,25.720964171492394,28.73760903145503,2.8261932508834104
septiembre 2020 - agosto 2021,Regiones,Central,Hombre,No sabe/No responde,4.2664903211667635,3.612276849840865,4.920703792492661,7.823347955896923
septiembre 2020 - agosto 2021,Regiones,Central,Mujer,Está muy en desacuerdo,59.35715356151773,57.610350219406016,61.10395690362944,1.5014638362523365
septiembre 2020 - agosto 2021,Regiones,Central,Mujer,Está en desacuerdo,9.761288815621036,9.011687215296755,10.510890415945315,3.918025614320314
septiembre 2020 - agosto 2021,Regiones,Central,Mujer,Está de acuerdo,7.401011753509748,6.781404310360625,8.02061919665887,4.27139230463645
septiembre 2020 - agosto 2021,Regiones,Central,Mujer,Está muy de acuerdo,20.304098273490347,19.055248259015446,21.55294828796525,3.138126924671162
septiembre 2020 - agosto 2021,Regiones,Central,Mujer,No sabe/No responde,3.1764475958609824,2.6009961495162877,3.7518990422056775,9.242956725904893
septiembre 2020 - agosto 2021,Regiones,Oriental,Hombre,Está muy en desacuerdo,38.548998172023715,36.645352979406326,40.4526433646411,2.519514366935313
septiembre 2020 - agosto 2021,Regiones,Oriental,Hombre,Está en desacuerdo,18.204203732063117,16.676259637422504,19.73214782670373,4.282325802688649
septiembre 2020 - agosto 2021,Regiones,Oriental,Hombre,Está de acuerdo,14.655383586999054,13.012217723144264,16.298549450853844,5.720422980138619
septiembre 2020 - agosto 2021,Regiones,Oriental,Hombre,Está muy de acuerdo,24.450690153969678,22.86833061398246,26.033049693956894,3.3018548385668844
septiembre 2020 - agosto 2021,Regiones,Oriental,Hombre,No sabe/No responde,4.140724354944601,3.2629152329449127,5.01853347694429,10.816025374975931
septiembre 2020 - agosto 2021,Regiones,Oriental,Mujer,Está muy en desacuerdo,50.789107147430876,48.93287236283345,52.6453419320283,1.8646883490607336
septiembre 2020 - agosto 2021,Regiones,Oriental,Mujer,Está en desacuerdo,17.63599132535688,16.304234570518094,18.96774808019567,3.8527334218160605
septiembre 2020 - agosto 2021,Regiones,Oriental,Mujer,Está de acuerdo,11.33593104504415,9.847900316433867,12.823961773654435,6.697282722654572
septiembre 2020 - agosto 2021,Regiones,Oriental,Mujer,Está muy de acuerdo,17.443714619101293,16.15804406074353,18.729385177459058,3.760405285413102
septiembre 2020 - agosto 2021,Regiones,Oriental,Mujer,No sabe/No responde,2.7952558630660107,2.3127388093180157,3.2777729168140057,8.807142613755627
septiembre 2020 - agosto 2021,Regiones,Pacífica,Hombre,Está muy en desacuerdo,32.321832507853934,30.752274785083056,33.89139023062482,2.477566073399983
septiembre 2020 - agosto 2021,Regiones,Pacífica,Hombre,Está en desacuerdo,11.00337838400945,9.891381933946224,12.115374834072677,5.156099406776444
septiembre 2020 - agosto 2021,Regiones,Pacífica,Hombre,Está de acuerdo,15.405069268088239,14.23090933491502,16.57922920126146,3.8887276647010056
septiembre 2020 - agosto 2021,Regiones,Pacífica,Hombre,Está muy de acuerdo,33.07992328708084,31.383361024798916,34.776485549362754,2.6166716997745114
septiembre 2020 - agosto 2021,Regiones,Pacífica,Hombre,No sabe/No responde,8.189796552967433,7.023838748039525,9.355754357895343,7.26362892213878
septiembre 2020 - agosto 2021,Regiones,Pacífica,Mujer,Está muy en desacuerdo,48.747502634719545,46.96867341189526,50.52633185754382,1.86176907730652
septiembre 2020 - agosto 2021,Regiones,Pacífica,Mujer,Está en desacuerdo,10.908089248507348,9.979789217046028,11.83638927996867,4.341937934694624
septiembre 2020 - agosto 2021,Regiones,Pacífica,Mujer,Está de acuerdo,13.724906402893671,12.556516777948746,14.893296027838598,4.343324013185724
septiembre 2020 - agosto 2021,Regiones,Pacífica,Mujer,Está muy de acuerdo,21.342441063175006,19.99203094160296,22.692851184747052,3.228237828393976
septiembre 2020 - agosto 2021,Regiones,Pacífica,Mujer,No sabe/No responde,5.277060650704056,4.403481950917124,6.150639350490987,8.446054494355185
septiembre 2020 - agosto 2021,Regiones,Bogotá,Hombre,Está muy en desacuerdo,51.18059074555735,48.95548764720773,53.405693843906974,2.218139076345034
septiembre 2020 - agosto 2021,Regiones,Bogotá,Hombre,Está en desacuerdo,15.336751370122991,14.018203494095486,16.6552992461505,4.38638204364334
septiembre 2020 - agosto 2021,Regiones,Bogotá,Hombre,Está de acuerdo,11.433943853008703,10.287445486048714,12.580442219968694,5.115891366339321
septiembre 2020 - agosto 2021,Regiones,Bogotá,Hombre,Está muy de acuerdo,16.098222851218004,14.636897240264817,17.559548462171193,4.63140744287955
septiembre 2020 - agosto 2021,Regiones,Bogotá,Hombre,No sabe/No responde,5.950491180093198,4.87132834304123,7.029654017145163,9.252904803088265
septiembre 2020 - agosto 2021,Regiones,Bogotá,Mujer,Está muy en desacuerdo,60.44578456474504,58.4836892755376,62.40787985395249,1.6561436538780772
septiembre 2020 - agosto 2021,Regiones,Bogotá,Mujer,Está en desacuerdo,14.803264146562373,13.614947485429365,15.99158080769538,4.095610297698685
septiembre 2020 - agosto 2021,Regiones,Bogotá,Mujer,Está de acuerdo,9.574460723367412,8.537523124664185,10.611398322070638,5.5256354435247745
septiembre 2020 - agosto 2021,Regiones,Bogotá,Mujer,Está muy de acuerdo,10.60313362741746,9.589924817296557,11.616342437538362,4.875382020397654
septiembre 2020 - agosto 2021,Regiones,Bogotá,Mujer,No sabe/No responde,4.573356937907693,3.6974563355294845,5.449257540285902,9.771554429388418
septiembre 2020 - agosto 2021,Regiones,San Andrés,Hombre,Está muy en desacuerdo,14.983704527798825,11.801682232042449,18.1657268235552,10.834975824096189
septiembre 2020 - agosto 2021,Regiones,San Andrés,Hombre,Está en desacuerdo,12.433633174818874,9.73867874951844,15.128587600119308,11.058527529885025
septiembre 2020 - agosto 2021,Regiones,San Andrés,Hombre,Está de acuerdo,22.89922847741727,18.98931965879858,26.809137296035967,8.711435147424474
septiembre 2020 - agosto 2021,Regiones,San Andrés,Hombre,Está muy de acuerdo,46.442897783711686,41.73492645248326,51.150869114940114,5.171998957921805
septiembre 2020 - agosto 2021,Regiones,San Andrés,Hombre,No sabe/No responde,3.2405360362533324,2.134992917292239,4.346079155214426,17.4061514948309
septiembre 2020 - agosto 2021,Regiones,San Andrés,Mujer,Está muy en desacuerdo,30.49464358308849,25.339419188780187,35.64986797739679,8.625175501860808
septiembre 2020 - agosto 2021,Regiones,San Andrés,Mujer,Está en desacuerdo,12.968200304812841,10.36417106355073,15.57222954607495,10.244955478437792
septiembre 2020 - agosto 2021,Regiones,San Andrés,Mujer,Está de acuerdo,21.10898654352718,17.342171874291086,24.875801212763278,9.104388858437728
septiembre 2020 - agosto 2021,Regiones,San Andrés,Mujer,Está muy de acuerdo,33.512464812358935,29.41027671735575,37.61465290736213,6.245297448021946
septiembre 2020 - agosto 2021,Regiones,San Andrés,Mujer,No sabe/No responde,1.9157047562125762,1.1183887081277217,2.7130208042974306,21.234686648080206
septiembre 2020 - agosto 2021,Grupos de edad,De 10 a 17 años,Hombre,Está muy en desacuerdo,34.05395230094712,32.59736423090458,35.51054037098965,2.182293473678417
septiembre 2020 - agosto 2021,Grupos de edad,De 10 a 17 años,Hombre,Está en desacuerdo,12.050550305757406,11.051087605827774,13.050013005687038,4.231590558151194
septiembre 2020 - agosto 2021,Grupos de edad,De 10 a 17 años,Hombre,Está de acuerdo,12.312640964013045,11.32521848810835,13.300063439917743,4.091624038862553
septiembre 2020 - agosto 2021,Grupos de edad,De 10 a 17 años,Hombre,Está muy de acuerdo,30.309261467697574,28.938677061352408,31.67984587404274,2.307142188484638
septiembre 2020 - agosto 2021,Grupos de edad,De 10 a 17 años,Hombre,No sabe/No responde,11.273594961585308,10.286078871143232,12.261111052027383,4.469157724206702
septiembre 2020 - agosto 2021,Grupos de edad,De 10 a 17 años,Mujer,Está muy en desacuerdo,45.229025198944186,43.69023839060542,46.76781200728294,1.7358218686420974
septiembre 2020 - agosto 2021,Grupos de edad,De 10 a 17 años,Mujer,Está en desacuerdo,12.821679231681918,11.809908265260567,13.833450198103266,4.026069186554372
septiembre 2020 - agosto 2021,Grupos de edad,De 10 a 17 años,Mujer,Está de acuerdo,11.57396389569584,10.540135847534279,12.6077919438574,4.557326207614156
septiembre 2020 - agosto 2021,Grupos de edad,De 10 a 17 años,Mujer,Está muy de acuerdo,21.133632665468205,19.927097204915935,22.340168126020476,2.9127946262364137
septiembre 2020 - agosto 2021,Grupos de edad,De 10 a 17 años,Mujer,No sabe/No responde,9.241699008209798,8.199833440805952,10.283564575613644,5.751800232075845
septiembre 2020 - agosto 2021,Grupos de edad,De 18 a 29 años,Hombre,Está muy en desacuerdo,41.80720321042596,40.55589836712473,43.05850805372719,1.5270594285048558
septiembre 2020 - agosto 2021,Grupos de edad,De 18 a 29 años,Hombre,Está en desacuerdo,14.353082741225286,13.45697131567189,15.249194166778684,3.185376376336344
septiembre 2020 - agosto 2021,Grupos de edad,De 18 a 29 años,Hombre,Está de acuerdo,12.49946637235845,11.691585396306072,13.307347348410827,3.2976141474871783
septiembre 2020 - agosto 2021,Grupos de edad,De 18 a 29 años,Hombre,Está muy de acuerdo,26.37082407017029,25.326826100645235,27.41482203969535,2.0198535466716914
septiembre 2020 - agosto 2021,Grupos de edad,De 18 a 29 años,Hombre,No sabe/No responde,4.969423605820154,4.393507387837887,5.545339823802422,5.912854858033359
septiembre 2020 - agosto 2021,Grupos de edad,De 18 a 29 años,Mujer,Está muy en desacuerdo,54.00056484508475,52.76900812763058,55.23212156253893,1.1635901694913897
septiembre 2020 - agosto 2021,Grupos de edad,De 18 a 29 años,Mujer,Está en desacuerdo,14.133947966648543,13.331515645014683,14.936380288282406,2.8966021857277293
septiembre 2020 - agosto 2021,Grupos de edad,De 18 a 29 años,Mujer,Está de acuerdo,10.085388708690402,9.391589759536547,10.779187657844258,3.5098206515900037
septiembre 2020 - agosto 2021,Grupos de edad,De 18 a 29 años,Mujer,Está muy de acuerdo,18.194238134510396,17.25400281698762,19.134473452033173,2.6366143674100253
septiembre 2020 - agosto 2021,Grupos de edad,De 18 a 29 años,Mujer,No sabe/No responde,3.5858603450651887,3.1207947964856397,4.050925893644737,6.617054717107256
septiembre 2020 - agosto 2021,Grupos de edad,De 30 a 39 años,Hombre,Está muy en desacuerdo,39.35863411661572,38.00843641991427,40.70883181331716,1.7502547822849017
septiembre 2020 - agosto 2021,Grupos de edad,De 30 a 39 años,Hombre,Está en desacuerdo,13.848815725419788,12.88809080605788,14.809540644781697,3.539405714561837
septiembre 2020 - agosto 2021,Grupos de edad,De 30 a 39 años,Hombre,Está de acuerdo,13.067663237815655,12.12825666394068,14.007069811690629,3.667748851352206
septiembre 2020 - agosto 2021,Grupos de edad,De 30 a 39 años,Hombre,Está muy de acuerdo,28.15128173119807,26.91051457540085,29.392048886995287,2.2487234268339513
septiembre 2020 - agosto 2021,Grupos de edad,De 30 a 39 años,Hombre,No sabe/No responde,5.57360518895115,4.839790907406268,6.307419470496031,6.717286727569337
septiembre 2020 - agosto 2021,Grupos de edad,De 30 a 39 años,Mujer,Está muy en desacuerdo,52.60376301507539,51.366282035727416,53.84124399442336,1.200233235073255
septiembre 2020 - agosto 2021,Grupos de edad,De 30 a 39 años,Mujer,Está en desacuerdo,14.402177080701659,13.56689411135413,15.237460050049187,2.959030276404498
septiembre 2020 - agosto 2021,Grupos de edad,De 30 a 39 años,Mujer,Está de acuerdo,10.641199188996518,9.873418653045839,11.408979724947198,3.681208821325361
septiembre 2020 - agosto 2021,Grupos de edad,De 30 a 39 años,Mujer,Está muy de acuerdo,19.0439079686385,18.098594401538215,19.989221535738782,2.5325833392575934
septiembre 2020 - agosto 2021,Grupos de edad,De 30 a 39 años,Mujer,No sabe/No responde,3.3089527465881017,2.8711407751036733,3.74676471807253,6.7505785650555765
septiembre 2020 - agosto 2021,Grupos de edad,De 40 a 49 años,Hombre,Está muy en desacuerdo,36.89835786047243,35.490294062091216,38.306421658853644,1.9469698349445084
septiembre 2020 - agosto 2021,Grupos de edad,De 40 a 49 años,Hombre,Está en desacuerdo,14.127958716527477,13.158664624092816,15.09725280896214,3.5004193612489236
septiembre 2020 - agosto 2021,Grupos de edad,De 40 a 49 años,Hombre,Está de acuerdo,13.103365588031647,12.1467796048296,14.059951571233691,3.7246466931217066
septiembre 2020 - agosto 2021,Grupos de edad,De 40 a 49 años,Hombre,Está muy de acuerdo,30.886813042766153,29.59655421319221,32.17707187234009,2.1313151353612128
septiembre 2020 - agosto 2021,Grupos de edad,De 40 a 49 años,Hombre,No sabe/No responde,4.9835047922027895,4.381956643630383,5.585052940775196,6.1585637718339
septiembre 2020 - agosto 2021,Grupos de edad,De 40 a 49 años,Mujer,Está muy en desacuerdo,50.44682056624428,49.0910655568455,51.80257557564305,1.371170138623208
septiembre 2020 - agosto 2021,Grupos de edad,De 40 a 49 años,Mujer,Está en desacuerdo,14.016937792552584,13.056598044866973,14.977277540238193,3.4955513556149085
septiembre 2020 - agosto 2021,Grupos de edad,De 40 a 49 años,Mujer,Está de acuerdo,11.347967766518012,10.495676243454778,12.200259289581245,3.831898563289613
septiembre 2020 - agosto 2021,Grupos de edad,De 40 a 49 años,Mujer,Está muy de acuerdo,20.46206755915083,19.403172333985314,21.52096278431635,2.640264305349577
septiembre 2020 - agosto 2021,Grupos de edad,De 40 a 49 años,Mujer,No sabe/No responde,3.7262063155343554,3.2285078995112952,4.223904731557416,6.814645829417984
septiembre 2020 - agosto 2021,Grupos de edad,De 50 a 59 años,Hombre,Está muy en desacuerdo,34.48826917912211,33.03277422611987,35.943764132124365,2.153194357074354
septiembre 2020 - agosto 2021,Grupos de edad,De 50 a 59 años,Hombre,Está en desacuerdo,13.461878968333549,12.423744306387206,14.50001363027989,3.934521644825969
septiembre 2020 - agosto 2021,Grupos de edad,De 50 a 59 años,Hombre,Está de acuerdo,13.959889824368055,12.730298901906156,15.189480746829954,4.493891536904869
septiembre 2020 - agosto 2021,Grupos de edad,De 50 a 59 años,Hombre,Está muy de acuerdo,32.7690776623309,31.37437111825464,34.16378420640716,2.1715135799670895
septiembre 2020 - agosto 2021,Grupos de edad,De 50 a 59 años,Hombre,No sabe/No responde,5.320884365845282,4.660699058944787,5.981069672745775,6.330324341882757
septiembre 2020 - agosto 2021,Grupos de edad,De 50 a 59 años,Mujer,Está muy en desacuerdo,46.95204951759228,45.549471806057475,48.35462722912708,1.524109981533218
septiembre 2020 - agosto 2021,Grupos de edad,De 50 a 59 años,Mujer,Está en desacuerdo,14.420423944657673,13.451641021295499,15.389206868019848,3.4276176873323445
septiembre 2020 - agosto 2021,Grupos de edad,De 50 a 59 años,Mujer,Está de acuerdo,12.10143614157672,11.134224278763362,13.068648004390077,4.077825428632149
septiembre 2020 - agosto 2021,Grupos de edad,De 50 a 59 años,Mujer,Está muy de acuerdo,22.74322922977692,21.543510576640216,23.94294788291362,2.691356392080731
septiembre 2020 - agosto 2021,Grupos de edad,De 50 a 59 años,Mujer,No sabe/No responde,3.7828611663963834,3.240089600299973,4.325632732492793,7.320497798769038
septiembre 2020 - agosto 2021,Grupos de edad,De 60 a 75 años,Hombre,Está muy en desacuerdo,30.545715690870097,29.0850550077322,32.00637637400799,2.439736721048704
septiembre 2020 - agosto 2021,Grupos de edad,De 60 a 75 años,Hombre,Está en desacuerdo,13.253884166882246,12.284709159278748,14.223059174485744,3.730808557473454
septiembre 2020 - agosto 2021,Grupos de edad,De 60 a 75 años,Hombre,Está de acuerdo,13.721575067862076,12.666786899654921,14.776363236069232,3.9219785339189106
septiembre 2020 - agosto 2021,Grupos de edad,De 60 a 75 años,Hombre,Está muy de acuerdo,36.36263686185419,34.80871444919503,37.916559274513354,2.1803082116711456
septiembre 2020 - agosto 2021,Grupos de edad,De 60 a 75 años,Hombre,No sabe/No responde,6.116188212531453,5.364036515177033,6.868339909885873,6.274346907946465
septiembre 2020 - agosto 2021,Grupos de edad,De 60 a 75 años,Mujer,Está muy en desacuerdo,41.70045961752728,40.325988967083916,43.07493026797064,1.6816614070261766
septiembre 2020 - agosto 2021,Grupos de edad,De 60 a 75 años,Mujer,Está en desacuerdo,14.96875316728317,13.791490148176472,16.146016186389865,4.012654833645269
septiembre 2020 - agosto 2021,Grupos de edad,De 60 a 75 años,Mujer,Está de acuerdo,13.079094746159935,12.114848047409774,14.043341444910098,3.7614422936081664
septiembre 2020 - agosto 2021,Grupos de edad,De 60 a 75 años,Mujer,Está muy de acuerdo,25.644178253674127,24.44818239793197,26.84017410941629,2.379495108711315
septiembre 2020 - agosto 2021,Grupos de edad,De 60 a 75 años,Mujer,No sabe/No responde,4.607514215355766,4.027260028488593,5.187768402222939,6.425331332400646
septiembre 2020 - agosto 2021,Grupos de edad,De 76 años y más,Hombre,Está muy en desacuerdo,24.202443203559493,21.75271592038453,26.652170486734455,5.164192921559739
septiembre 2020 - agosto 2021,Grupos de edad,De 76 años y más,Hombre,Está en desacuerdo,9.373930662667966,7.926723565082831,10.821137760253102,7.876855448656891
septiembre 2020 - agosto 2021,Grupos de edad,De 76 años y más,Hombre,Está de acuerdo,12.73992774036969,10.977531937749477,14.502323542989906,7.057979843165079
septiembre 2020 - agosto 2021,Grupos de edad,De 76 años y más,Hombre,Está muy de acuerdo,42.60448617039378,39.90865617754334,45.300316163244204,3.228353606329395
septiembre 2020 - agosto 2021,Grupos de edad,De 76 años y más,Hombre,No sabe/No responde,11.079212223009332,9.259256703780187,12.899167742238477,8.380999619920374
septiembre 2020 - agosto 2021,Grupos de edad,De 76 años y más,Mujer,Está muy en desacuerdo,30.94778149087798,28.843753360698866,33.051809621057096,3.468693677457032
septiembre 2020 - agosto 2021,Grupos de edad,De 76 años y más,Mujer,Está en desacuerdo,10.80268788119002,9.47212662507756,12.133249137302478,6.284156232199345
septiembre 2020 - agosto 2021,Grupos de edad,De 76 años y más,Mujer,Está de acuerdo,13.784548424383347,12.23958651651205,15.329510332254644,5.718329299555343
septiembre 2020 - agosto 2021,Grupos de edad,De 76 años y más,Mujer,Está muy de acuerdo,34.34644870901174,32.26625389417897,36.426643523844504,3.0900542123305192
septiembre 2020 - agosto 2021,Grupos de edad,De 76 años y más,Mujer,No sabe/No responde,10.118533494536885,8.823603459610101,11.41346352946367,6.529390742295485
septiembre 2016 - agosto 2017,Total nacional,Total nacional,Hombre,Está muy en desacuerdo,35.7827658015992,34.9542498016017,36.6112818015966,1.18132915504748
septiembre 2016 - agosto 2017,Total nacional,Total nacional,Hombre,Está en desacuerdo,13.6788882700234,13.1800017548686,14.1777747851781,1.86077940896157
septiembre 2016 - agosto 2017,Total nacional,Total nacional,Hombre,Está de acuerdo,16.045438538361,15.4739900910646,16.6168869856573,1.81706052817567
septiembre 2016 - agosto 2017,Total nacional,Total nacional,Hombre,Está muy de acuerdo,31.0743722120935,30.2984382878964,31.8503061362906,1.27399083881905
septiembre 2016 - agosto 2017,Total nacional,Total nacional,Hombre,No sabe/No responde,3.41853517792299,3.15552848356218,3.68154187228379,3.9252803313588
septiembre 2016 - agosto 2017,Total nacional,Total nacional,Mujer,Está muy en desacuerdo,46.8725892509636,46.0669822245349,47.6781962773923,0.876896283401745
septiembre 2016 - agosto 2017,Total nacional,Total nacional,Mujer,Está en desacuerdo,13.6282548879564,13.1925537400765,14.0639560358363,1.63114430899586
septiembre 2016 - agosto 2017,Total nacional,Total nacional,Mujer,Está de acuerdo,13.5702705344074,13.0550006928759,14.085540375939,1.93726997280591
septiembre 2016 - agosto 2017,Total nacional,Total nacional,Mujer,Está muy de acuerdo,23.3882400849518,22.7870983214683,23.9893818484353,1.31136408834145
septiembre 2016 - agosto 2017,Total nacional,Total nacional,Mujer,No sabe/No responde,2.54064524172125,2.29498681526769,2.7863036681748,4.93323230673268
septiembre 2016 - agosto 2017,Dominio geográfico,Cabeceras municipales,Hombre,Está muy en desacuerdo,39.2709244214233,38.372588026692,40.1692608161545,1.16711002357002
septiembre 2016 - agosto 2017,Dominio geográfico,Cabeceras municipales,Hombre,Está en desacuerdo,13.8078420121926,13.2653459038559,14.3503381205293,2.00454009032547
septiembre 2016 - agosto 2017,Dominio geográfico,Cabeceras municipales,Hombre,Está de acuerdo,15.1584917432928,14.5436867663542,15.7732967202314,2.06930883332071
septiembre 2016 - agosto 2017,Dominio geográfico,Cabeceras municipales,Hombre,Está muy de acuerdo,28.7280768854484,27.9451463544604,29.5110074164364,1.39046673446927
septiembre 2016 - agosto 2017,Dominio geográfico,Cabeceras municipales,Hombre,No sabe/No responde,3.03466493764236,2.78168765721223,3.2876422180725,4.25318918852561
septiembre 2016 - agosto 2017,Dominio geográfico,Cabeceras municipales,Mujer,Está muy en desacuerdo,50.4601211115119,49.6038909053114,51.3163513177124,0.865737410846176
septiembre 2016 - agosto 2017,Dominio geográfico,Cabeceras municipales,Mujer,Está en desacuerdo,13.3717459806418,12.9095433413107,13.8339486199729,1.7635518463296
septiembre 2016 - agosto 2017,Dominio geográfico,Cabeceras municipales,Mujer,Está de acuerdo,12.5284764555343,11.9882381160286,13.0687147950399,2.2000424939814
septiembre 2016 - agosto 2017,Dominio geográfico,Cabeceras municipales,Mujer,Está muy de acuerdo,21.2928026186002,20.6782278118796,21.9073774253209,1.47260358569973
septiembre 2016 - agosto 2017,Dominio geográfico,Cabeceras municipales,Mujer,No sabe/No responde,2.34685383371009,2.09143844213754,2.60226922528265,5.55270947940158
septiembre 2016 - agosto 2017,Dominio geográfico,Centros poblados y rural disperso,Hombre,Está muy en desacuerdo,25.209446677585,23.4851455393726,26.9337478157974,3.48974529243441
septiembre 2016 - agosto 2017,Dominio geográfico,Centros poblados y rural disperso,Hombre,Está en desacuerdo,13.2880032166767,12.200948449147,14.3750579842063,4.17383838871892
septiembre 2016 - agosto 2017,Dominio geográfico,Centros poblados y rural disperso,Hombre,Está de acuerdo,18.7339548968138,17.4123585185691,20.0555512750586,3.59926064819377
septiembre 2016 - agosto 2017,Dominio geográfico,Centros poblados y rural disperso,Hombre,Está muy de acuerdo,38.1864711593171,36.326587020325,40.0463552983093,2.48496509436192
septiembre 2016 - agosto 2017,Dominio geográfico,Centros poblados y rural disperso,Hombre,No sabe/No responde,4.58212404960775,3.83995611223763,5.32429198697788,8.26379004155375
septiembre 2016 - agosto 2017,Dominio geográfico,Centros poblados y rural disperso,Mujer,Está muy en desacuerdo,33.7965452044764,32.0141120810184,35.5789783279344,2.69082135266612
septiembre 2016 - agosto 2017,Dominio geográfico,Centros poblados y rural disperso,Mujer,Está en desacuerdo,14.5631934197197,13.5531639245234,15.573222914916,3.53851766001232
septiembre 2016 - agosto 2017,Dominio geográfico,Centros poblados y rural disperso,Mujer,Está de acuerdo,17.3674619719283,16.1565802021992,18.5783437416574,3.55720842969999
septiembre 2016 - agosto 2017,Dominio geográfico,Centros poblados y rural disperso,Mujer,Está muy de acuerdo,31.0258120067443,29.5254624062855,32.5261616072031,2.46725046185285
septiembre 2016 - agosto 2017,Dominio geográfico,Centros poblados y rural disperso,Mujer,No sabe/No responde,3.24698739713162,2.57635797214922,3.91761682211403,10.5377024312212
septiembre 2016 - agosto 2017,Regiones,Caribe,Hombre,Está muy en desacuerdo,19.5416873372439,18.343735243674,20.7396394308138,3.12767284212394
septiembre 2016 - agosto 2017,Regiones,Caribe,Hombre,Está en desacuerdo,12.525717272629,11.6123386397024,13.4390959055556,3.72042172477835
septiembre 2016 - agosto 2017,Regiones,Caribe,Hombre,Está de acuerdo,15.5387372632268,14.6231330279147,16.454341498539,3.00632548258563
septiembre 2016 - agosto 2017,Regiones,Caribe,Hombre,Está muy de acuerdo,47.5136575551321,45.8890773215319,49.1382377887322,1.74448255253927
septiembre 2016 - agosto 2017,Regiones,Caribe,Hombre,No sabe/No responde,4.88020057176837,4.28321299787898,5.47718814565776,6.24124956347795
septiembre 2016 - agosto 2017,Regiones,Caribe,Mujer,Está muy en desacuerdo,31.9743601621868,30.6644625061036,33.2842578182701,2.09015951301217
septiembre 2016 - agosto 2017,Regiones,Caribe,Mujer,Está en desacuerdo,14.5522974714312,13.655920655993,15.4486742868693,3.14270039363382
septiembre 2016 - agosto 2017,Regiones,Caribe,Mujer,Está de acuerdo,14.1586575433167,13.2795580684317,15.0377570182017,3.16781544348576
septiembre 2016 - agosto 2017,Regiones,Caribe,Mujer,Está muy de acuerdo,35.7301422783234,34.4565582264441,37.0037263302028,1.81859836020108
septiembre 2016 - agosto 2017,Regiones,Caribe,Mujer,No sabe/No responde,3.58454254474191,3.04276671793096,4.12631837155286,7.71133930532699
septiembre 2016 - agosto 2017,Regiones,Central,Hombre,Está muy en desacuerdo,40.803223768682,39.2289058460202,42.3775416913439,1.96852933602279
septiembre 2016 - agosto 2017,Regiones,Central,Hombre,Está en desacuerdo,14.9185874665325,13.9790149708729,15.8581599621921,3.21326481713303
septiembre 2016 - agosto 2017,Regiones,Central,Hombre,Está de acuerdo,17.4135770089909,16.1140839440307,18.7130700739511,3.80741225914529
septiembre 2016 - agosto 2017,Regiones,Central,Hombre,Está muy de acuerdo,24.2542971411815,22.9241728801818,25.5844214021813,2.79799832207228
septiembre 2016 - agosto 2017,Regiones,Central,Hombre,No sabe/No responde,2.61031461461372,2.0636460022927,3.15698322693474,10.6850168843695
septiembre 2016 - agosto 2017,Regiones,Central,Mujer,Está muy en desacuerdo,52.4270206256607,50.9540123624939,53.9000288888275,1.43348757792748
septiembre 2016 - agosto 2017,Regiones,Central,Mujer,Está en desacuerdo,13.994410564188,13.1244434053091,14.8643777230668,3.17170053937248
septiembre 2016 - agosto 2017,Regiones,Central,Mujer,Está de acuerdo,13.5212435366067,12.3695523036548,14.6729347695587,4.34573614654433
septiembre 2016 - agosto 2017,Regiones,Central,Mujer,Está muy de acuerdo,18.4698707344383,17.5006453338695,19.4390961350071,2.67734822025688
septiembre 2016 - agosto 2017,Regiones,Central,Mujer,No sabe/No responde,1.58745453910653,1.23666749138304,1.93824158683003,11.274211583604
septiembre 2016 - agosto 2017,Regiones,Oriental,Hombre,Está muy en desacuerdo,31.0145999791533,28.6156223910012,33.4135775673054,3.94642574156413
septiembre 2016 - agosto 2017,Regiones,Oriental,Hombre,Está en desacuerdo,15.2451680090867,13.6858721069466,16.8044639112268,5.21843467563468
septiembre 2016 - agosto 2017,Regiones,Oriental,Hombre,Está de acuerdo,17.8775468923126,16.259020335587,19.4960734490382,4.61908370564716
septiembre 2016 - agosto 2017,Regiones,Oriental,Hombre,Está muy de acuerdo,33.1077107170041,30.9240733683393,35.291348065669,3.36507920350443
septiembre 2016 - agosto 2017,Regiones,Oriental,Hombre,No sabe/No responde,2.75497440244338,2.19404285357579,3.31590595131096,10.3881025353611
septiembre 2016 - agosto 2017,Regiones,Oriental,Mujer,Está muy en desacuerdo,41.0683875847564,38.7344154261359,43.4023597433769,2.89955898387194
septiembre 2016 - agosto 2017,Regiones,Oriental,Mujer,Está en desacuerdo,15.1654682883875,13.9608185124306,16.3701180643444,4.0527415371783
septiembre 2016 - agosto 2017,Regiones,Oriental,Mujer,Está de acuerdo,15.2958408580158,13.7776627882684,16.8140189277632,5.06399520641189
septiembre 2016 - agosto 2017,Regiones,Oriental,Mujer,Está muy de acuerdo,26.2340683156387,24.3890455467213,28.079091084556,3.58822785730743
septiembre 2016 - agosto 2017,Regiones,Oriental,Mujer,No sabe/No responde,2.23623495320175,1.47565510182079,2.9968148045827,17.3528700115578
septiembre 2016 - agosto 2017,Regiones,Pacífica,Hombre,Está muy en desacuerdo,38.0537994323522,36.1841584622341,39.9234404024702,2.50671015344362
septiembre 2016 - agosto 2017,Regiones,Pacífica,Hombre,Está en desacuerdo,14.0255890157305,12.8517825335245,15.1993954979365,4.26991592008484
septiembre 2016 - agosto 2017,Regiones,Pacífica,Hombre,Está de acuerdo,16.0088894456422,14.6868538902133,17.3309250010711,4.21333371520607
septiembre 2016 - agosto 2017,Regiones,Pacífica,Hombre,Está muy de acuerdo,30.2383186539369,28.5899678489316,31.8866694589423,2.78122377867957
septiembre 2016 - agosto 2017,Regiones,Pacífica,Hombre,No sabe/No responde,1.67340345233801,1.22405653667052,2.12275036800549,13.7001408788947
septiembre 2016 - agosto 2017,Regiones,Pacífica,Mujer,Está muy en desacuerdo,48.4440976719102,46.5550001877921,50.3331951560283,1.98956176978786
septiembre 2016 - agosto 2017,Regiones,Pacífica,Mujer,Está en desacuerdo,14.2005897203248,13.1215138084032,15.2796656322464,3.87694416567716
septiembre 2016 - agosto 2017,Regiones,Pacífica,Mujer,Está de acuerdo,13.9638393040804,12.8498381277168,15.0778404804441,4.07028421587616
septiembre 2016 - agosto 2017,Regiones,Pacífica,Mujer,Está muy de acuerdo,21.9208449843638,20.519226884484,23.3224630842435,3.26224320257254
septiembre 2016 - agosto 2017,Regiones,Pacífica,Mujer,No sabe/No responde,1.47062831932068,1.01105843559132,1.93019820305005,15.9438266891579
septiembre 2016 - agosto 2017,Regiones,Bogotá,Hombre,Está muy en desacuerdo,53.4226772435308,51.50524538102,55.3401091060417,1.83121028930463
septiembre 2016 - agosto 2017,Regiones,Bogotá,Hombre,Está en desacuerdo,11.1519611304886,10.2918513130735,12.0120709479037,3.93501675949866
septiembre 2016 - agosto 2017,Regiones,Bogotá,Hombre,Está de acuerdo,12.4638551704976,11.3766321336505,13.5510782073448,4.45051409420623
septiembre 2016 - agosto 2017,Regiones,Bogotá,Hombre,Está muy de acuerdo,17.644924437025,16.435685014294,18.8541638597559,3.49652327132591
septiembre 2016 - agosto 2017,Regiones,Bogotá,Hombre,No sabe/No responde,5.31658201845747,4.55450805378439,6.07865598313055,7.31321826565162
septiembre 2016 - agosto 2017,Regiones,Bogotá,Mujer,Está muy en desacuerdo,62.2455899274284,60.5001584464564,63.9910214084005,1.4306656372609
septiembre 2016 - agosto 2017,Regiones,Bogotá,Mujer,Está en desacuerdo,9.65560423913382,8.87623342873655,10.4349750495311,4.11821113129741
septiembre 2016 - agosto 2017,Regiones,Bogotá,Mujer,Está de acuerdo,10.5772655318031,9.61336138812221,11.541169675484,4.64947983890483
septiembre 2016 - agosto 2017,Regiones,Bogotá,Mujer,Está muy de acuerdo,13.423383262446,12.5049293783056,14.3418371465864,3.49091515393711
septiembre 2016 - agosto 2017,Regiones,Bogotá,Mujer,No sabe/No responde,4.09815703918829,3.42663258501102,4.76968149336555,8.36020958106673
septiembre 2016 - agosto 2017,Regiones,San Andrés,Hombre,Está muy en desacuerdo,40.3503207876036,36.9990383440458,43.7016032311613,4.23748299401948
septiembre 2016 - agosto 2017,Regiones,San Andrés,Hombre,Está en desacuerdo,3.85803050464421,2.71669744232087,4.99936356696754,15.0935246934591
septiembre 2016 - agosto 2017,Regiones,San Andrés,Hombre,Está de acuerdo,16.4948647511974,13.8368029735599,19.152926528835,8.22167376718853
septiembre 2016 - agosto 2017,Regiones,San Andrés,Hombre,Está muy de acuerdo,34.2038514081088,30.673043808602,37.7346590076157,5.2667532297282
septiembre 2016 - agosto 2017,Regiones,San Andrés,Hombre,No sabe/No responde,5.09293254844612,3.81811974424764,6.3677453526446,12.7709269626608
septiembre 2016 - agosto 2017,Regiones,San Andrés,Mujer,Está muy en desacuerdo,50.6169056289221,47.2760676896351,53.9577435682092,3.36747008043797
septiembre 2016 - agosto 2017,Regiones,San Andrés,Mujer,Está en desacuerdo,3.45452719380564,2.32097403855542,4.58808034905587,16.7416093175724
septiembre 2016 - agosto 2017,Regiones,San Andrés,Mujer,Está de acuerdo,14.8708304522733,12.2783587965532,17.4633021079934,8.89452424671524
septiembre 2016 - agosto 2017,Regiones,San Andrés,Mujer,Está muy de acuerdo,27.6507669304266,23.8910432129588,31.4104906478943,6.9373351968489
septiembre 2016 - agosto 2017,Regiones,San Andrés,Mujer,No sabe/No responde,3.40696979457229,2.40517697137529,4.40876261776929,15.0021520049776
septiembre 2016 - agosto 2017,Grupos de edad,De 10 a 17 años,Hombre,Está muy en desacuerdo,37.3737150686125,35.8726286742728,38.8748014629521,2.0491952803443
septiembre 2016 - agosto 2017,Grupos de edad,De 10 a 17 años,Hombre,Está en desacuerdo,13.0817875695218,12.0045256244223,14.1590495146213,4.20143989081306
septiembre 2016 - agosto 2017,Grupos de edad,De 10 a 17 años,Hombre,Está de acuerdo,16.069980368331,14.9857441118455,17.1542166248166,3.44233005164834
septiembre 2016 - agosto 2017,Grupos de edad,De 10 a 17 años,Hombre,Está muy de acuerdo,28.3311479762212,26.8804010049533,29.781894947489,2.61259101388442
septiembre 2016 - agosto 2017,Grupos de edad,De 10 a 17 años,Hombre,No sabe/No responde,5.14336901731336,4.51445295921404,5.77228507541268,6.23862567057654
septiembre 2016 - agosto 2017,Grupos de edad,De 10 a 17 años,Mujer,Está muy en desacuerdo,47.9910383024432,46.347891023393,49.6341855814933,1.74686874497627
septiembre 2016 - agosto 2017,Grupos de edad,De 10 a 17 años,Mujer,Está en desacuerdo,13.9378546541382,12.7871703919079,15.0885389163685,4.21215331791437
septiembre 2016 - agosto 2017,Grupos de edad,De 10 a 17 años,Mujer,Está de acuerdo,13.9303516845659,12.7720649154794,15.0886384536524,4.24226646010519
septiembre 2016 - agosto 2017,Grupos de edad,De 10 a 17 años,Mujer,Está muy de acuerdo,19.8219325909309,18.6777037045851,20.9661614772766,2.94517320880548
septiembre 2016 - agosto 2017,Grupos de edad,De 10 a 17 años,Mujer,No sabe/No responde,4.31882276792205,3.37763352552524,5.26001201031885,11.1187381113728
septiembre 2016 - agosto 2017,Grupos de edad,De 18 a 29 años,Hombre,Está muy en desacuerdo,41.124627151999,39.8091999939047,42.4400543100933,1.63195717901491
septiembre 2016 - agosto 2017,Grupos de edad,De 18 a 29 años,Hombre,Está en desacuerdo,15.0179252391183,14.094339074061,15.9415114041756,3.13769993956474
septiembre 2016 - agosto 2017,Grupos de edad,De 18 a 29 años,Hombre,Está de acuerdo,15.5911021022393,14.6658110404308,16.5163931640477,3.0279275534028
septiembre 2016 - agosto 2017,Grupos de edad,De 18 a 29 años,Hombre,Está muy de acuerdo,25.52039002121,24.3473315543962,26.6934484880238,2.3451805292346
septiembre 2016 - agosto 2017,Grupos de edad,De 18 a 29 años,Hombre,No sabe/No responde,2.74595548543335,2.30697948176543,3.18493148910127,8.15626291097058
septiembre 2016 - agosto 2017,Grupos de edad,De 18 a 29 años,Mujer,Está muy en desacuerdo,54.6971518965202,53.5082244822551,55.8860793107854,1.10900768776887
septiembre 2016 - agosto 2017,Grupos de edad,De 18 a 29 años,Mujer,Está en desacuerdo,13.6477065515165,12.8561856425291,14.4392274605039,2.95901144224188
septiembre 2016 - agosto 2017,Grupos de edad,De 18 a 29 años,Mujer,Está de acuerdo,11.5549032213068,10.8321779390407,12.2776285035728,3.19117678312791
septiembre 2016 - agosto 2017,Grupos de edad,De 18 a 29 años,Mujer,Está muy de acuerdo,18.2414105564166,17.258530831933,19.2242902809002,2.74907055917951
septiembre 2016 - agosto 2017,Grupos de edad,De 18 a 29 años,Mujer,No sabe/No responde,1.8588277742399,1.51622160938914,2.20143393909066,9.40372562330821
septiembre 2016 - agosto 2017,Grupos de edad,De 30 a 39 años,Hombre,Está muy en desacuerdo,37.8159048756713,36.357618573212,39.2741911781307,1.96748861662809
septiembre 2016 - agosto 2017,Grupos de edad,De 30 a 39 años,Hombre,Está en desacuerdo,14.0907228537357,12.9827410104899,15.1987046969815,4.01183718299454
septiembre 2016 - agosto 2017,Grupos de edad,De 30 a 39 años,Hombre,Está de acuerdo,15.6137816598299,14.5847013024904,16.6428620171694,3.36267670498688
septiembre 2016 - agosto 2017,Grupos de edad,De 30 a 39 años,Hombre,Está muy de acuerdo,30.0962463988303,28.5986494333084,31.5938433643522,2.53878863936876
septiembre 2016 - agosto 2017,Grupos de edad,De 30 a 39 años,Hombre,No sabe/No responde,2.38334421193268,1.9842398505617,2.78244857330366,8.54365362541342
septiembre 2016 - agosto 2017,Grupos de edad,De 30 a 39 años,Mujer,Está muy en desacuerdo,50.0685452565516,48.6117877762782,51.5253027368249,1.48445218165613
septiembre 2016 - agosto 2017,Grupos de edad,De 30 a 39 años,Mujer,Está en desacuerdo,13.2922746192635,12.4168513309655,14.1676979075614,3.3601813657882
septiembre 2016 - agosto 2017,Grupos de edad,De 30 a 39 años,Mujer,Está de acuerdo,13.595689697319,12.3758245531326,14.8155548415055,4.5777756734774
septiembre 2016 - agosto 2017,Grupos de edad,De 30 a 39 años,Mujer,Está muy de acuerdo,21.2674969494075,20.1116210350309,22.4233728637842,2.77292908882852
septiembre 2016 - agosto 2017,Grupos de edad,De 30 a 39 años,Mujer,No sabe/No responde,1.77599347745898,1.45063612722027,2.10135082769768,9.3468050523742
septiembre 2016 - agosto 2017,Grupos de edad,De 40 a 49 años,Hombre,Está muy en desacuerdo,35.594744725066,34.1064335328833,37.0830559172487,2.13329931386308
septiembre 2016 - agosto 2017,Grupos de edad,De 40 a 49 años,Hombre,Está en desacuerdo,14.0992577559086,13.014682649705,15.1838328621123,3.9247076378214
septiembre 2016 - agosto 2017,Grupos de edad,De 40 a 49 años,Hombre,Está de acuerdo,15.5352089092848,14.4410279481117,16.6293898704578,3.59348622664223
septiembre 2016 - agosto 2017,Grupos de edad,De 40 a 49 años,Hombre,Está muy de acuerdo,31.8774897503971,30.4384957784475,33.3164837223467,2.30313178259064
septiembre 2016 - agosto 2017,Grupos de edad,De 40 a 49 años,Hombre,No sabe/No responde,2.89329885934394,2.36169199023257,3.42490572845531,9.37435113447204
septiembre 2016 - agosto 2017,Grupos de edad,De 40 a 49 años,Mujer,Está muy en desacuerdo,47.2259472274659,45.7638605916499,48.6880338632818,1.57956084120639
septiembre 2016 - agosto 2017,Grupos de edad,De 40 a 49 años,Mujer,Está en desacuerdo,13.7166352267705,12.8465273261687,14.5867431273723,3.23645409394166
septiembre 2016 - agosto 2017,Grupos de edad,De 40 a 49 años,Mujer,Está de acuerdo,13.116889316893,12.1859477332296,14.0478309005565,3.6210581965874
septiembre 2016 - agosto 2017,Grupos de edad,De 40 a 49 años,Mujer,Está muy de acuerdo,24.0660451314758,22.6675380669202,25.4645521960314,2.96485778461026
septiembre 2016 - agosto 2017,Grupos de edad,De 40 a 49 años,Mujer,No sabe/No responde,1.87448309739516,1.53540521969466,2.21356097509566,9.2291532228024
septiembre 2016 - agosto 2017,Grupos de edad,De 50 a 59 años,Hombre,Está muy en desacuerdo,32.3638653975905,30.8876422081123,33.8400885870687,2.32720995288968
septiembre 2016 - agosto 2017,Grupos de edad,De 50 a 59 años,Hombre,Está en desacuerdo,13.427441864221,12.3789404349169,14.4759432935251,3.98400316484747
septiembre 2016 - agosto 2017,Grupos de edad,De 50 a 59 años,Hombre,Está de acuerdo,16.4262812443092,15.2948143717293,17.5577481168892,3.51436218603898
septiembre 2016 - agosto 2017,Grupos de edad,De 50 a 59 años,Hombre,Está muy de acuerdo,34.7213212690858,33.1605112083772,36.2821313297944,2.29349470158509
septiembre 2016 - agosto 2017,Grupos de edad,De 50 a 59 años,Hombre,No sabe/No responde,3.06109022479342,2.44319705026242,3.67898339932442,10.2986712742173
septiembre 2016 - agosto 2017,Grupos de edad,De 50 a 59 años,Mujer,Está muy en desacuerdo,44.1875172408503,42.7479138084717,45.6271206732288,1.6622150168077
septiembre 2016 - agosto 2017,Grupos de edad,De 50 a 59 años,Mujer,Está en desacuerdo,14.1095776069328,13.1689889443868,15.0501662694788,3.40118030558589
septiembre 2016 - agosto 2017,Grupos de edad,De 50 a 59 años,Mujer,Está de acuerdo,14.0121069798663,12.8730145592941,15.1511994004384,4.14762464465756
septiembre 2016 - agosto 2017,Grupos de edad,De 50 a 59 años,Mujer,Está muy de acuerdo,25.8999012631436,24.5335224747795,27.2662800515076,2.69163973945972
septiembre 2016 - agosto 2017,Grupos de edad,De 50 a 59 años,Mujer,No sabe/No responde,1.79089690920731,1.4508202426431,2.13097357577152,9.68835796505372
septiembre 2016 - agosto 2017,Grupos de edad,De 60 a 75 años,Hombre,Está muy en desacuerdo,27.4802268378597,25.8358999231429,29.1245537525765,3.05289438976216
septiembre 2016 - agosto 2017,Grupos de edad,De 60 a 75 años,Hombre,Está en desacuerdo,12.1996757906596,11.1099083414792,13.2894432398401,4.55752931588526
septiembre 2016 - agosto 2017,Grupos de edad,De 60 a 75 años,Hombre,Está de acuerdo,17.8056887840945,16.2313590860186,19.3800184821704,4.5110832135365
septiembre 2016 - agosto 2017,Grupos de edad,De 60 a 75 años,Hombre,Está muy de acuerdo,39.1257412041149,37.4563915002715,40.7950909079584,2.1768508566519
septiembre 2016 - agosto 2017,Grupos de edad,De 60 a 75 años,Hombre,No sabe/No responde,3.38866738327161,2.80986388138627,3.96747088515696,8.71457348050696
septiembre 2016 - agosto 2017,Grupos de edad,De 60 a 75 años,Mujer,Está muy en desacuerdo,36.2787070150566,34.8335609307515,37.7238530993616,2.03237516282447
septiembre 2016 - agosto 2017,Grupos de edad,De 60 a 75 años,Mujer,Está en desacuerdo,13.9488357932931,12.9561930853913,14.941478501195,3.63077154738553
septiembre 2016 - agosto 2017,Grupos de edad,De 60 a 75 años,Mujer,Está de acuerdo,15.5596507597355,14.4348332358144,16.6844682836565,3.68829931120001
septiembre 2016 - agosto 2017,Grupos de edad,De 60 a 75 años,Mujer,Está muy de acuerdo,31.5299493600387,30.0432335707488,33.0166651493286,2.40573955657783
septiembre 2016 - agosto 2017,Grupos de edad,De 60 a 75 años,Mujer,No sabe/No responde,2.68285707187654,2.21083371272252,3.15488043103056,8.97655887042416
septiembre 2016 - agosto 2017,Grupos de edad,De 76 años y más,Hombre,Está muy en desacuerdo,19.404400896955,17.1483768120746,21.6604249818354,5.93181259488504
septiembre 2016 - agosto 2017,Grupos de edad,De 76 años y más,Hombre,Está en desacuerdo,8.99345947230242,7.59226907103629,10.3946498735686,7.94903300639943
septiembre 2016 - agosto 2017,Grupos de edad,De 76 años y más,Hombre,Está de acuerdo,16.4068742509745,14.0306727981327,18.7830757038163,7.38926660542489
septiembre 2016 - agosto 2017,Grupos de edad,De 76 años y más,Hombre,Está muy de acuerdo,47.0083322602363,43.7751159100931,50.2415486103796,3.50916550179312
septiembre 2016 - agosto 2017,Grupos de edad,De 76 años y más,Hombre,No sabe/No responde,8.18693311953167,6.75770507732564,9.6161611617377,8.90685156542568
septiembre 2016 - agosto 2017,Grupos de edad,De 76 años y más,Mujer,Está muy en desacuerdo,23.5959353593816,21.6907514034661,25.5011193152971,4.11949183520145
septiembre 2016 - agosto 2017,Grupos de edad,De 76 años y más,Mujer,Está en desacuerdo,10.9941160524638,9.49440565989565,12.4938264450319,6.95970790106123
septiembre 2016 - agosto 2017,Grupos de edad,De 76 años y más,Mujer,Está de acuerdo,17.9838388530791,15.808202055264,20.1594756508943,6.17231272735427
septiembre 2016 - agosto 2017,Grupos de edad,De 76 años y más,Mujer,Está muy de acuerdo,39.8963489084977,37.499074601451,42.2936232155445,3.0656918984079
septiembre 2016 - agosto 2017,Grupos de edad,De 76 años y más,Mujer,No sabe/No responde,7.52976082657772,6.36045519306935,8.6990664600861,7.92302067266557
